Imię,Nazwisko,PESEL
ZENON,WACHOWIAK,08251377937
DARIA,PIELA,82053113285
PATRYCJA,WAGNER,75120416048
LEOKADIA,NEUMANN,07261160005
WACŁAW,KNAPIK,74121374995
RENATA,BARANOWSKI,91062639705
BARTŁOMIEJ,PIRÓG,65092231499
SABINA,MACIEJEWSKI,56040526824
OLENA,GÓRNIK,86011429465
MICHAŁ,PAWŁOWSKA,64083187630
LEOKADIA,SUSZEK,10262853003
WIKTOR,MATUSZAK,97012170571
PIOTR,PIASECKI,11210827279
MIECZYSŁAW,KUFEL,91071626596
WŁADYSŁAWA,SERAFIN,72012847643
OLIWIA,BIELAK,09302912701
DANUTA,OLENDER,64071461883
JOLANTA,ŻUCHOWSKI,62031458001
MAKSYMILIAN,KAWKA,90012167293
KATARZYNA,POLAKOWSKI,72112774706
JÓZEF,CIEŚLIŃSKA,01272089452
DANUTA,KOTARSKI,82112726221
IWONA,GŁOWACKA,64092091601
STANISŁAWA,KOKOT,86072662148
NIKODEM,DŁUGOSZ,76032829830
TOMASZ,WOŹNA,94060370755
HENRYK,TKACHUK,55030554670
ANIELA,URBAŃSKA,12262644445
FILIP,KWAŚNIK,77072640971
ROZALIA,KARBOWSKI,06212141441
STEFANIA,KOWALIK,64021732744
MARIA,CYRAN,12253061864
HENRYK,JANUSZKIEWICZ,57071536734
ARTUR,MROWIEC,75111760855
KRZYSZTOF,ŚMIGIELSKI,94090398691
FRANCISZKA,MUSZYŃSKI,53081404005
HUBERT,SUDER,06301242138
LUCYNA,BOBROWSKI,80040171784
MARTYNA,ADAMEK,93123017325
OLENA,ZIENKIEWICZ,96092020426
MARIOLA,FIGURA,84022126863
ARKADIUSZ,SKWAREK,58011233014
LESZEK,DOLIŃSKI,87062145535
PIOTR,RAK,56061211536
BOGDAN,DOMINIK,56060782176
URSZULA,GÓRNIAK,56092620408
ANTONINA,KREFT,62011184041
DOMINIK,JAKUBIAK,18213059317
MONIKA,SOBALA,78062952522
WACŁAW,PIEKUT,88050457157
HALINA,DZIKOWSKA,07221954824
SZYMON,KĘDZIOR,04280184175
BARTŁOMIEJ,SZYSZKO,58100890014
MILENA,NOWACZYK,17241584406
WIESŁAW,ROGALA,09291378830
MARTYNA,BILSKA,51010189805
IWONA,MAJDA,64123149101
ZDZISŁAW,DROŻDŻ,79020229236
IZABELA,SZPAK,75011725589
FRANCISZEK,JAKUBIEC,17292460571
EMILIA,GORZKOWSKA,18301905148
MARCIN,OLENDER,85011993451
ANTONI,KRUPSKI,77112796297
TADEUSZ,BLOCH,03292499015
MARCIN,NIKIEL,06280256971
ALEKSANDER,DREWNIAK,74112051115
LEON,ADAMOWICZ,82063032871
ANDRZEJ,KLIMEK,09291724631
IWONA,RADZISZEWSKA,96071926783
ANDRZEJ,LUPA,74020509939
MIŁOSZ,MARCZYK,67090284431
WANDA,CZARNOTA,77100565645
JOANNA,PAWELCZYK,68071288521
LEON,JACH,02231639613
FRANCISZKA,ANTCZAK,53020178387
WIESŁAWA,SARNA,50053030280
GABRIELA,KEMPA,88070229844
SYLWIA,PIRÓG,04211588827
TETIANA,WĄTROBA,75032951268
KLAUDIA,KĘPKA,83022147320
WOJCIECH,ZAJDEL,91082667810
JANUSZ,ZATORSKA,99052927416
WALDEMAR,BOROWIAK,03210708494
WIKTOR,KRASUSKI,16261326456
HELENA,SZEWCZAK,79072335624
OLIWIER,BĄCZKOWSKI,00302275199
JACEK,ZIENKIEWICZ,73021162750
PAULINA,BURAK,74071268441
KAROL,MĄCZYŃSKA,84102953491
ARKADIUSZ,KRAVCHUK,64083079175
MARIAN,FALKOWSKI,14252343378
LEOKADIA,OŻÓG,00232536342
WŁADYSŁAW,SITEK,55120383874
ROZALIA,WITCZAK,56070344704
TOMASZ,NAWROT,72100976819
JUSTYNA,MIAZGA,70053183863
JADWIGA,WOJTALA,84051651583
WALDEMAR,WĄSIK,14252457754
ZYGMUNT,RODZIEWICZ,02323053116
WANDA,DAWIDOWSKA,18211066067
KRZYSZTOF,POPIOŁEK,70110502257
SABINA,KWAŚNIK,19241315949
LUCYNA,CZARNIK,71011840442
KAZIMIERA,KLUSKA,11230457869
MAJA,TABOR,14261792068
MIROSŁAWA,PODGÓRSKA,16220895465
ROBERT,KOŁODZIEJ,62062722016
CZESŁAWA,IWANIUK,76122226028
KATARZYNA,SKOWRONEK,10260248623
SYLWIA,DYBOWSKI,57021473748
MAŁGORZATA,DŁUGOSZ,87011984446
GRAŻYNA,STELMACH,76042793785
AMELIA,BARTOSZ,51062045607
MARZENA,MLECZKO,54042795983
IGOR,PYKA,96041616236
ELŻBIETA,WŁOCH,83081514606
WIOLETTA,KACZMARSKA,72082309669
NIKODEM,HAJDUK,97031734394
HANNA,KOZIKOWSKI,06240332684
ANGELIKA,MAJCHROWSKI,72061544447
MARTYNA,STEFANOWSKI,81020192366
SEBASTIAN,NOWOSIELSKA,83101803790
RAFAŁ,KOZIEŁ,12272088570
HANNA,SŁOTA,04250957882
HENRYK,DAWID,05240499832
HENRYKA,WCISŁO,72020412026
JUSTYNA,SUDER,83110266708
WALDEMAR,ZARĘBSKA,82120157314
DMYTRO,SZYSZKO,15210577639
MARIAN,JANECKI,58072221373
DOROTA,BIELIŃSKA,06221403840
MARIA,SZYSZKA,59081774900
BRONISŁAW,ŚLIWA,96011391750
JAKUB,NIEWĘGŁOWSKA,91092115390
ROZALIA,JURASZEK,06210863808
SABINA,LENART,68062796686
MICHAŁ,JANIKOWSKI,86042341215
GRZEGORZ,GAJEK,73071309437
DARIUSZ,SZMYT,09312439496
OLIWIA,RÓŻYCKI,91041545928
TERESA,SŁABY,77052513181
BOŻENA,WOJTOWICZ,60051364940
WIESŁAW,JASKULSKI,97122747674
IRYNA,BEDNARCZYK,90050720803
MARCIN,SIEMIŃSKI,02231134019
CECYLIA,ZAŁĘSKA,02270930627
PATRYCJA,GRZESIAK,96010797281
TERESA,PLUCIŃSKI,17291979067
BOGUSŁAW,CHOJNOWSKI,92113023678
KRZYSZTOF,SEWERYN,96051267839
FRANCISZEK,PRZYBYŁA,74022682672
TERESA,CIESIELSKA,07291899388
MAŁGORZATA,BASIŃSKA,64093044844
WŁADYSŁAW,KRUCZEK,83041932215
ARKADIUSZ,STEFANIUK,19262832818
IRENEUSZ,KUREK,01322024372
ALEKSANDRA,KOTOWSKI,08251553320
WIKTORIA,MIŚ,54030116545
KAZIMIERZ,KUŚMIERZ,01252090454
WIKTOR,KANIEWSKI,01321043477
ROZALIA,JANIAK,07222156263
RYSZARD,WINNICKI,62120418378
LEOKADIA,SMOLIŃSKA,86081568163
STANISŁAW,KURZAWA,75112593975
VOLODYMYR,PAWŁOWSKI,04312618313
KAROL,PAWŁOWICZ,14290754451
RYSZARD,HAŁAS,86060856373
DAMIAN,PORĘBA,70061854997
BRONISŁAWA,PANKIEWICZ,62091019725
MARIANNA,DURAJ,08310874946
MARIUSZ,TRZECIAK,99102494073
HALINA,KRAWCZYŃSKI,91042600149
DANIEL,ROJEK,83052304810
HENRYK,KORCZAK,84052789098
JOLANTA,WALASZCZYK,91030657708
PRZEMYSŁAW,ŻURAWSKA,95100269659
JOANNA,BĘDKOWSKI,07232142168
IWONA,SOBCZYŃSKA,94092606820
NIKODEM,KITA,15322331257
KAROLINA,PARZYCH,72040875980
MARTYNA,KACPRZAK,75040438144
EWELINA,MOLENDA,54101649381
TOMASZ,MĄDRY,68092700853
RYSZARD,NIEDBAŁA,92010909817
NIKOLA,HAŁAS,96110733022
WIKTOR,MOLENDA,52112922392
NIKOLA,KOLASA,67040832769
MAŁGORZATA,ZAKRZEWSKA,65011924965
ZOFIA,TARGOSZ,87032291004
MARZENA,ŁADA,63022134340
GABRIELA,ADAMCZEWSKI,66012912249
EWA,SZCZUREK,63033033946
PAWEŁ,KWIATKOWSKA,98020455878
AGNIESZKA,BŁASZKIEWICZ,93010937927
KRZYSZTOF,GRABSKI,68122875890
SERHII,DZIK,59102361979
CECYLIA,MACIAK,85053079900
GRZEGORZ,SEWERYN,63073091618
ANNA,ŁOŚ,95061650800
IGNACY,GÓRNIAK,67032299271
SEBASTIAN,ŻABIŃSKI,12272282974
GRZEGORZ,KUREK,92062631056
BRONISŁAWA,JANUS,86122139361
JOLANTA,WOJTAŚ,12290179487
ANTONI,ZDUŃCZYK,67100387831
MARCIN,KOSTRZEWSKI,52121495515
MARIAN,BĄK,04250188497
SŁAWOMIR,KUŚMIERCZYK,18242623035
DANIEL,CISEK,93102415498
IGOR,KARAŚ,02271605614
KLAUDIA,GOŁDA,55060392365
DOMINIKA,DEREŃ,98083108144
ŁUCJA,ISKRA,19211341224
TADEUSZ,BOGACZ,78031717314
FRANCISZEK,GIZA,55062646417
CZESŁAWA,KOPIEC,90121091522
STEFANIA,MATUSZEWSKI,12270926766
IGOR,OSOWSKI,01272024039
KINGA,JANICKI,72102901903
JADWIGA,ADAMCZAK,54062005507
ZENON,GÓRNY,73012547977
PAULINA,ŚWIDERSKA,98102789505
OLIWIER,JARZYNA,57122059131
TERESA,NOWIŃSKI,03311504009
SEBASTIAN,BEDNARSKI,81042140017
IZABELA,SŁOTA,72090164968
MARZENA,STACHURSKA,69031876040
JADWIGA,KRUK,92060600782
EUGENIUSZ,FIRLEJ,71060288514
KAROL,NIEWIADOMSKA,95031268336
LEON,BOCHENEK,07262206214
TERESA,WOŹNY,10312600764
ANDRII,KISZKA,74090432436
ALEKSANDER,BINKOWSKA,64060207313
JAKUB,ZWIERZCHOWSKA,74101301012
EMILIA,RUMIŃSKI,11301761361
MARZENA,WŁOCH,57012637742
EUGENIA,DUTKIEWICZ,18262515008
MAKSYMILIAN,RAK,13310599094
BARTŁOMIEJ,SZCZYGIELSKA,71080776936
BRONISŁAWA,BOROWSKI,97020637949
WALDEMAR,ANTONIUK,18221430238
RENATA,RÓŻYCKI,89041306364
KRZYSZTOF,WRONA,01213191310
MAKSYMILIAN,PAWLAK,68092692435
LIDIA,KLOCEK,70012495248
ŁUCJA,KNOP,68011768463
JOLANTA,KOPEĆ,17310568481
NATALIA,GÓRKA,57101444284
RAFAŁ,ŚWIDEREK,96091475333
ZDZISŁAW,ANTONIAK,00210152575
IRYNA,KRASIŃSKI,01311768520
IRYNA,CZECHOWSKA,56080250141
WIKTORIA,PIEKUT,55072054844
MIROSŁAW,KRAUSE,79101393795
MAJA,SOBIERAJSKA,58110693168
ANTONINA,FRANCZAK,86070433346
HALINA,GRELA,95042628462
WIESŁAWA,STACHOWIAK,15291629647
FILIP,LANGNER,79050271458
MARIOLA,ŻABA,14300932840
MICHAŁ,WINKLER,52101813799
MAREK,DEREŃ,13281688618
EWELINA,SZADKOWSKA,92033107986
KACPER,KUNA,75031967190
BOGUMIŁA,WOJNAR,69010419107
EWELINA,ROSIAK,54050815187
IGNACY,GIBAS,78021327233
EWA,KISIEL,09242683260
KRYSTIAN,CZECHOWICZ,58091586950
JÓZEF,MURAWSKA,54072995072
BRONISŁAW,SUWAŁA,85051135156
DARIA,MISIEWICZ,66102857968
LESZEK,GÓRNA,78012485555
STANISŁAWA,POLISHCHUK,02270542983
ALICJA,ŁUKASZEWICZ,58100748706
JADWIGA,ZWIERZCHOWSKI,91062992929
IWONA,SAMBORSKI,75041161526
SERHII,KRZEMIEŃ,58032856078
BOŻENA,KOLASIŃSKA,67042784828
LEOKADIA,WASILUK,72032342188
ANDRZEJ,STRZELCZYK,91051716376
JERZY,RZEPA,00311936335
JAROSŁAW,KAPUSTA,52110855092
ANTONINA,URBANIAK,61072062280
KAMILA,JAKUBIEC,95092253845
WIKTOR,PAWLAK,06230412257
WIESŁAW,BURY,74020618938
STEFANIA,WĄSOWICZ,94052048569
SŁAWOMIR,STELMACH,96050716051
BRONISŁAW,OWCZAREK,17291584371
LENA,FILIPOWSKI,08251618160
MARIANNA,KAWKA,88091571003
LIDIA,CZAJKOWSKI,52092826462
GENOWEFA,ADAMUS,97021144981
RADOSŁAW,STOLARCZYK,09233125199
KAROL,DAWIDOWSKA,81060601619
MARIOLA,KŁOS,67053026243
MARTYNA,NOCOŃ,72031068449
WERONIKA,KMIEĆ,64101786904
GRAŻYNA,CYWIŃSKA,57092548020
JÓZEF,MYSZKA,56062458194
KONRAD,DUDA,68063059496
EUGENIA,GAJDA,13300435841
AGATA,WINNICKA,63092654706
ANTONI,KUŁAGA,57031209115
NIKOLA,BURZYŃSKA,89111057543
SYLWESTER,SARNECKI,14240729438
MONIKA,GŁOWACZ,66012866029
TOMASZ,CHUDA,56040794698
OLIWIA,ZAJKOWSKA,53051995128
IZABELA,PROKOP,00240232586
JAROSŁAW,GĘBALA,85031834855
OLENA,GLIŃSKI,98101232929
STEFANIA,GOŁASZEWSKA,13300520826
ANDRII,SKÓRA,07250548852
BARBARA,KRÓLIK,06290154300
ŁUKASZ,ŚWINIARSKA,10230769219
CECYLIA,FIGURA,11211058326
MILENA,KOPERSKA,76081877983
MARTA,BANACH,58062764440
TOMASZ,SZLACHTA,67011800252
ANTONI,ZAKRZEWSKI,84112086477
REGINA,BĄKOWSKA,18283039820
JULIAN,FRANCZAK,12300425612
TERESA,WAWER,71120166907
MARCIN,KWIATEK,03311325217
BARBARA,SZAFRAN,92092329886
HELENA,SZOSTEK,67063057343
ANDRII,SADOWSKI,54021095631
WALDEMAR,CICHA,57050745579
FRANCISZEK,KUBICA,82052591996
MICHAŁ,KRYSIAK,85041551513
HANNA,CHOJNACKI,73092744747
IRYNA,GRABIŃSKA,15252844524
JÓZEF,ROMANIUK,74092604516
DOROTA,GŁODEK,00312851000
FRANCISZKA,SIWAK,91030431245
BOGDAN,MACHAJ,53021790874
ANTONINA,PÓŁTORAK,60040593003
STANISŁAWA,SKOCZEK,57011298782
MAGDALENA,ŁAPIŃSKI,63031499001
GRAŻYNA,TWARDOWSKI,52062589087
ZUZANNA,TOMCZAK,65041543040
TETIANA,WIELGOSZ,67021515861
HALINA,JAGODZIŃSKI,04252986987
JAKUB,MIODUSZEWSKI,05211366938
KAMIL,TROJANOWSKI,01252547055
PAWEŁ,OSUCH,75120580071
BOŻENA,STANISŁAWSKA,68010470185
NIKOLA,MAŁECKI,70061954321
EUGENIUSZ,KALICKA,62091960298
JAN,ROWIŃSKA,05231322873
MIROSŁAWA,KĘDZIA,13250586587
PIOTR,GRZESIAK,50041678238
HANNA,MAREK,16302177560
ADAM,TOBIASZ,74021763392
WIESŁAW,DOBOSZ,52062380176
MILENA,ZELEK,02271363008
EMILIA,MOTYKA,98030133368
MARCEL,LISEK,03321643053
OLIWIER,BIELAK,68091200156
PATRYCJA,POPIOŁEK,11222662622
BEATA,TRELA,17231694528
FRANCISZKA,RACZKOWSKA,67012098427
DANUTA,FEDOROWICZ,82051392949
IRENA,GRELA,02220423207
STEFAN,DMOWSKA,77012700772
WERONIKA,KOZERA,77100694107
BARBARA,KRAVCHUK,91121062668
WACŁAW,MOSKAL,08311111259
JACEK,HINC,84032181058
JOLANTA,PIETRUSZEWSKA,10261797966
KAZIMIERA,STAROŃ,66122928549
JADWIGA,KORNACKI,60022968249
ALICJA,ŻOCHOWSKA,68092376708
BOGDAN,SZCZĘŚNIAK,82041761830
JÓZEF,WOLAK,91031527633
TOMASZ,KACZMARCZYK,70032512691
NIKODEM,MOCZULSKA,53042760432
DANIEL,DOMAGAŁA,04210365719
KONRAD,CICHECKA,99083004430
JÓZEFA,BĄCZEK,52021362728
MARIOLA,RÓŻYCKA,16311559528
JULIAN,KRZEMIEŃ,75100303111
HENRYK,PEŁKA,98052463030
STEFANIA,CZOP,17230109706
CECYLIA,KLICH,53081898486
JÓZEFA,BRZEZIŃSKA,06310266222
KONRAD,NIEDZIELSKA,53033071817
NATALIIA,HINC,17312291329
BRONISŁAWA,ZAJĄCZKOWSKI,96051054846
ANETA,STRZELEC,70090290126
DAMIAN,URBAŃSKI,07250257891
RADOSŁAW,STASIAK,89040157435
EUGENIUSZ,RYŚ,80121793036
TETIANA,WAWER,04242923343
ANETA,KOWNACKA,60032908341
TERESA,NAWROT,51072503548
JOANNA,BUDZYŃSKA,92030342706
MARIUSZ,PIĘTA,09222833793
TERESA,PODGÓRSKI,68032664364
GRAŻYNA,BOROŃ,17321885188
LESZEK,PŁUCIENNIK,03211158915
KAZIMIERA,WALCZAK,62050687440
MARIUSZ,PEŁKA,93080823517
MAJA,JAGIELSKI,89051141245
IVAN,PIECHOWIAK,08211735890
FRANCISZEK,WOJNAR,13291577151
TADEUSZ,MILEWSKA,77092442834
JULIA,BALICKA,67122998783
MIROSŁAWA,JAKUBCZYK,91011634546
REGINA,KOSIŃSKA,58073004665
OSKAR,GLINKA,66091337810
SERHII,FILIPOWICZ,87050550037
ZENON,ĆWIKLIŃSKA,12231768471
MARCEL,JÓZEFOWICZ,80032254457
EDWARD,PAJOR,06232679896
RADOSŁAW,MACIAK,83063049410
MARIAN,SZYMBORSKI,81020902679
SERHII,WILCZEWSKI,68091970736
ADAM,SOSNOWSKI,01242544990
GENOWEFA,PIECHOWSKA,11212091443
AGATA,SAŁEK,54022475205
MIECZYSŁAW,BANAŚ,90101943773
BRONISŁAWA,TOMASZEWSKI,81012913564
FRANCISZKA,SCHULZ,74122500689
BEATA,SUCHECKA,11240543006
AMELIA,RUDZIŃSKI,09220174546
JULIA,CZAPIEWSKI,85042826380
KRZYSZTOF,ROKITA,80051913739
TERESA,SZWED,62120668926
HALINA,CYWIŃSKA,92011401721
BEATA,KSIĄŻEK,71070934829
DAWID,KARCZ,55060181411
FRANCISZKA,GĄSKA,66053158305
HENRYK,CZAPIEWSKI,16300753236
WIKTORIA,RACHWAŁ,66111093900
KLAUDIA,SZUMSKA,72090332381
STANISŁAWA,PIWOWARCZYK,00291614881
IRENA,STANEK,63032120122
KAROL,ANDRZEJEWSKI,77072901933
VOLODYMYR,KUBIAK,89092704111
MONIKA,IVANOV,12302002606
BARTŁOMIEJ,BODNAR,01302751474
SABINA,KASPEREK,62060454148
ANDRII,WIATROWSKI,06222096254
KLAUDIA,BRZOSTEK,19210935525
ELŻBIETA,KROK,83082780569
BRONISŁAWA,ZDUNEK,94041058784
KAZIMIERA,KOTECKI,75041022405
KATARZYNA,SKOWRON,68022660406
URSZULA,PUCHAŁA,64092633706
KACPER,BURAK,54120356291
SEBASTIAN,GÓRNA,75113024078
RADOSŁAW,ROGOWSKA,19242613473
KRYSTIAN,MITURA,95101558150
STEFANIA,ĆWIK,50082512667
DOMINIKA,PARZYCH,97071763884
GABRIELA,GLIŃSKI,75091038942
MICHALINA,CZYŻ,11231812326
RYSZARD,PORADA,53081918014
KRYSTIAN,ADAMEK,16230660819
RADOSŁAW,DRÓŻDŻ,96061039938
PIOTR,FURTAK,84091177393
NIKOLA,PIECHOWSKA,94061530046
MIKOŁAJ,FABISIAK,02251464431
JÓZEFA,WIELGUS,63080666344
SŁAWOMIR,KOZIEŁ,67072226097
MARIA,BARAŃSKI,63102924962
MARIUSZ,ZIĘBA,86111225194
GRAŻYNA,BIEŃKOWSKA,12321071227
VOLODYMYR,KWAŚNIK,88072264856
NIKOLA,DĘBOWSKA,92092703349
BRONISŁAWA,WALASEK,08272177163
PAWEŁ,WACHOWSKI,15270364970
JAKUB,STEFAŃSKA,75062774839
KRYSTIAN,SZCZOTKA,15252251713
KAROLINA,BAŁA,03271416765
TETIANA,KUKUŁA,97031315643
ALICJA,PŁACZEK,02300765005
NATALIA,PUZIO,66071541703
MAŁGORZATA,MACIEJCZYK,59080211202
WERONIKA,SIWIŃSKI,02262983226
MARTA,WARCHOŁ,88072925243
TETIANA,GĄSIOROWSKA,69041023382
MACIEJ,ZIELONKA,67050505312
HUBERT,DOMIN,86060450676
IGNACY,WYSOCKA,03231384831
KONRAD,BUCZYŃSKA,74090459774
ANNA,WILK,78051075320
WACŁAW,BORECKI,00301376433
BARTŁOMIEJ,ŚWINIARSKA,87061024310
HANNA,PIASECKI,14251502202
BOGDAN,GÓRALCZYK,59112930538
WIESŁAWA,RYCHLIK,78022725580
MARIANNA,ŁOZIŃSKI,76021407643
IGOR,STASIAK,69072398855
ZOFIA,PLUTA,65121449743
FRANCISZKA,MAZURKIEWICZ,69071591761
IRENA,BOGDAN,88061798342
BARTOSZ,BORUCKA,68061700356
JERZY,NAWROT,85042419870
JUSTYNA,MIAZGA,66110970561
ANGELIKA,KAŁUŻA,58100987589
BRONISŁAWA,GRYGIEL,59011243267
BOLESŁAW,MIERNIK,50021154774
AGNIESZKA,MANIA,50010133487
MATEUSZ,WROŃSKA,16272978059
RAFAŁ,MICHALCZYK,86072819373
ZENON,GAJEK,04231131737
ZOFIA,NYKIEL,72030624125
EWA,SZYMURA,75030520620
ROZALIA,SOBIERAJSKA,02323060703
ZBIGNIEW,DWORAK,72032900797
AMELIA,BONIECKI,87041370723
PIOTR,KRZAK,06273090511
AGATA,WIĄCEK,13281557086
LENA,KACZMARCZYK,53081006481
BOGUSŁAW,POPEK,52071738278
ANDRZEJ,TARKOWSKA,50090279916
ZBIGNIEW,KALETA,12262850813
JANUSZ,DOBROWOLSKI,69111873611
WŁODZIMIERZ,OLECH,99032287895
ZUZANNA,NIEDZIELA,68111659184
IZABELA,POTOCKA,04222724768
ŁUCJA,STASZEWSKI,95121557403
OLEKSANDR,PAKUŁA,85090662978
WACŁAW,SCHMIDT,52051460177
JAKUB,GUTOWSKA,99052966813
EMILIA,GAJ,76072342463
KACPER,DOMAGAŁA,92090466853
SEBASTIAN,GOŁĄBEK,56011786037
MARTYNA,JANAS,78092911843
KAZIMIERA,MACIASZEK,87110663022
STEFAN,ZAWADKA,54050494298
KRYSTYNA,LEWKOWICZ,92101504402
WŁADYSŁAW,SZCZUREK,07302063250
ARKADIUSZ,RÓŻYCKA,05271895531
KAZIMIERZ,SUSKI,57121629173
DARIA,SCHULZ,61010142027
LENA,SKRZYPEK,74092877682
JAKUB,STEFANIUK,96012417093
WACŁAW,ZAWADZKI,90080760778
ANIELA,TRACZ,88090786822
JULIA,ANTKOWIAK,72100373784
FILIP,KRAVCHUK,93123104890
BOGUMIŁA,NOWIŃSKI,91112041744
BOGUSŁAW,MIŁEK,70030378037
KONRAD,KRUCZEK,73052864470
MONIKA,KSIĄŻEK,79120585661
MIŁOSZ,ĆWIKŁA,05230399773
AGNIESZKA,DZIĘCIOŁ,55053188483
DARIUSZ,BĄKOWSKI,70062875399
NIKODEM,KOPCZYŃSKI,56042387551
MIROSŁAWA,BRZÓSKA,63052388407
GRZEGORZ,CHOJNOWSKA,06261123092
TETIANA,FRĄCZEK,03212603841
RYSZARD,KULIK,81053073852
OLIWIER,PISZCZEK,90062459557
JACEK,CISZEK,68100234918
BOGDAN,STĘPIEŃ,12211301032
HELENA,KAWA,74111653844
ŁUKASZ,KUKUŁA,16260226993
ZENON,IWANOWSKA,13250591899
NIKOLA,KANIEWSKA,64061877148
REGINA,KUBACKA,10301260184
WŁADYSŁAW,FORYŚ,74081166757
HUBERT,LENARTOWICZ,82121115159
IRYNA,CIESIELSKI,86112852764
IRYNA,DOBROWOLSKI,04262692603
RYSZARD,OLESIŃSKI,89032576671
ADAM,MOSZCZYŃSKI,60020561451
KRYSTIAN,SUROWIEC,86050748213
ANTONI,MALEC,13222609212
MATEUSZ,CHYLIŃSKA,70092718536
BARBARA,LASEK,18231695724
SZYMON,ANIOŁ,59100673892
JÓZEFA,BUGAJSKI,86080983941
KLAUDIA,DĄBROWSKA,94111424628
ZYGMUNT,KWAPISZ,73040402497
PRZEMYSŁAW,WALAS,89053165854
MARCEL,LIPSKI,56013117071
OLEKSANDR,SZEWCZUK,94092580258
RYSZARD,LIPKA,58041498410
MARTYNA,RYŚ,18250490223
DARIA,RYBIŃSKI,11280123600
TETIANA,NIEDZIELSKA,09312685026
EMILIA,KUJAWA,93051515467
KAZIMIERA,PERKOWSKA,72090151368
PATRYK,SPYCHALSKI,63081249458
ANNA,CHYLIŃSKA,00210937709
SEBASTIAN,KOŁODZIEJ,67011256190
FILIP,URBANEK,84051779751
DOROTA,CICHY,86042920746
KAMILA,SAŁEK,69110112966
ARTUR,CZAPIEWSKA,92060994371
MIŁOSZ,WINIARSKI,13230615191
JOLANTA,GŁUCH,04282630902
MARTA,NOSEK,98091663923
GENOWEFA,TRUSZKOWSKI,12282179484
PATRYCJA,KACZMAREK,11250991183
IGNACY,BŁOŃSKA,15262816856
EWELINA,GODLEWSKI,97031394486
BRONISŁAW,ROGALA,14262479333
JÓZEFA,NĘDZA,95053034926
GENOWEFA,ANTOSIK,62071776543
RYSZARD,BĄCZKOWSKI,83082034033
IRENEUSZ,CZEKALSKA,56072108694
IWONA,ĆWIKLIŃSKI,72111239903
KONRAD,BOGUSZ,63050330031
PATRYK,PAWLIKOWSKA,75100903076
ANDRZEJ,PIETRAS,10323038073
ELŻBIETA,JĘDRZEJEWSKI,06321108687
IVAN,BARTKOWSKA,79060413693
JAN,STĘPIEŃ,99081971990
MIŁOSZ,IGNASIAK,96041343958
BOGUSŁAW,LIGĘZA,85110298734
ANETA,WILIŃSKI,09251811041
WŁADYSŁAW,WAWER,06222787497
TERESA,GORCZYCA,68010424122
RYSZARD,KULCZYCKI,14212260172
HUBERT,KRAUSE,79090313354
KACPER,WARZECHA,59062963778
DARIUSZ,KOSAKOWSKA,58101196096
CZESŁAWA,WOJDYŁA,07252901941
AMELIA,NYKIEL,86092167041
ANIELA,BIEŃKOWSKA,51110399164
SŁAWOMIR,KOCHANOWSKA,04321753937
ROMAN,MIŚ,57092787858
EDWARD,SIEDLECKI,68020833833
EUGENIUSZ,PIĘTA,15220263175
PAWEŁ,MATUSZAK,05271722172
JOANNA,KOLASIŃSKA,65091766543
REGINA,SIEŃKO,67011537844
KAZIMIERA,PILARCZYK,80032462025
ROBERT,ZALEWSKA,66072027257
ANGELIKA,ŁUKASIK,84063063769
BOŻENA,SIENKIEWICZ,19232057766
LUCYNA,DĘBICKA,82101928500
DMYTRO,WALKIEWICZ,84091308335
IZABELA,BOGDAŃSKI,14321698462
EUGENIUSZ,WOLNY,52121821396
TOMASZ,ZIOMEK,91052574636
DAWID,FIGIEL,90060605356
BARTŁOMIEJ,WINIARSKI,91073139052
WOJCIECH,MICHALSKA,65061461476
OLIWIA,PAWLAK,98110487680
ANIELA,ZAJDEL,05322382780
ANTONI,HEBDA,85010933850
JAKUB,ZBOROWSKI,91100664210
SEBASTIAN,DOPIERAŁA,73021874631
MAGDALENA,FILIPCZAK,59022091747
WŁADYSŁAWA,ŚWINIARSKI,88051129127
NIKOLA,GÓRAL,61060474062
STEFAN,LESIAK,63040616154
MARCIN,DRABIK,06230374113
MILENA,PIENIĄŻEK,68082698683
JAN,BOROWICZ,87090262653
IGOR,KOSIŃSKA,04322166510
GENOWEFA,DOMAGAŁA,02310300142
RYSZARD,KRZEMIEŃ,91032436835
ANDRII,DZIUBEK,75122619234
ANGELIKA,KUSZ,87060381867
ANIELA,STEFANIAK,83021954549
BARTŁOMIEJ,KRASZEWSKI,74092573274
VOLODYMYR,SZYMBORSKI,60021312810
KLAUDIA,PIEKARSKA,87080824807
HENRYK,TOMALA,98122199751
EMILIA,ROJEWSKI,72062399121
MICHAŁ,MIKOŁAJCZAK,61120825355
MAJA,KONKOL,55020343046
KAMILA,TABOR,86061525906
ANDRII,CHMIELECKI,12271541959
HENRYKA,WOJTOWICZ,01230975203
AMELIA,MYŚLIŃSKA,59033134381
EUGENIUSZ,GRUCA,72050371913
ALICJA,ZELEK,95090540781
ANDRZEJ,GŁĄB,00220808156
WIESŁAWA,MUSIAŁ,87072424103
KAROLINA,BOGUCKI,11220218726
MAGDALENA,SKORUPSKA,98051015009
OLENA,SOCHA,77050602940
RENATA,KLICH,92041477325
IGNACY,SUROWIEC,92052021555
MARCIN,PIASECKA,88110102438
IVAN,JAMRÓZ,89040685871
KRYSTYNA,WASILEWSKA,54040810907
DARIA,KWIATKOWSKA,55052762903
IVAN,SMOLEŃ,82053014913
VOLODYMYR,KOSTRZEWA,89082507959
AGNIESZKA,LEWIŃSKI,71121995962
GABRIELA,POPOVA,88091698522
KAROL,BŁOŃSKA,76070324034
BOGUMIŁA,JACKIEWICZ,87111122207
MIŁOSZ,PIEŃKOWSKA,88050174371
BOGUSŁAW,ŚWIDEREK,95112927356
ZBIGNIEW,CABAN,10212130215
ANETA,KUPIS,95052796469
KAROL,ANTONIUK,64061392335
JANINA,SHEVCHUK,68051145848
RADOSŁAW,DRÓŻDŻ,90110642858
EWA,KULESZA,78071702686
PAWEŁ,ŚLĘZAK,88113002070
ANDRII,ANTCZAK,57101219972
DARIUSZ,GRZESIK,91101197773
IRENA,SZCZEPANIAK,98102799409
RENATA,BORKOWSKI,87020288566
EDMUND,PEŁKA,56082816794
SZYMON,STEC,53032845611
EWELINA,RACZYŃSKI,88072452022
JULIAN,DROZD,15212010019
IGNACY,PODGÓRSKI,91090444391
MARIUSZ,MALINOWSKA,76091144716
ANGELIKA,BUGAJSKI,76061203786
EDMUND,WOŹNIAK,92100871716
HUBERT,KŁAK,95041899810
KRYSTYNA,LENARTOWICZ,56091211782
WIOLETTA,RUSZKOWSKA,82073198583
ADRIAN,KĄDZIOŁKA,94071433777
SABINA,GŁUCH,04291293761
HELENA,WIŚNIEWSKA,15240986625
EWA,RADOMSKI,10222800407
TOMASZ,FLOREK,83091451876
ŁUCJA,SOŁTYSIK,04242318787
IVAN,KWAŚNIK,07210810111
JÓZEFA,JANECZEK,08231570925
MAŁGORZATA,OGRODNIK,16271689404
MARIUSZ,ZIĘTEK,64101166098
JANINA,BOLEK,17241441206
KRZYSZTOF,SZELIGA,95082021030
BOGDAN,GĄSIOROWSKA,16280655939
STEFANIA,LUDWICZAK,06251227146
CZESŁAWA,KOPER,19221308183
LEON,KAŁUŻA,82020292933
ROZALIA,ŚWIDER,05260415041
IZABELA,GRALAK,83072238443
WACŁAW,KASPROWICZ,56072517052
EWA,PANKIEWICZ,59120692189
WACŁAW,MICHALAK,17310492173
SŁAWOMIR,KUJAWA,90093044591
KAZIMIERA,SUROWIEC,04311199529
LEON,ROŻEK,66082468372
TADEUSZ,KUROWSKA,99120122974
KONRAD,MAZUREK,50071558658
GRAŻYNA,WARDA,07233094747
SŁAWOMIR,PTASZYŃSKI,06282709057
ANDRZEJ,BEDNARSKI,67010622110
BOGUSŁAW,ŚWIĄTEK,15262277099
KRYSTYNA,DOBROWOLSKA,16210414348
WIKTORIA,SKOCZEK,04240544801
TERESA,ZYCH,50011356762
ALINA,KMIECIK,75072805103
ZOFIA,KWAŚNIEWSKA,18210999940
MARTA,BAŃKA,70061186845
DAWID,OLSZAK,55073033631
ROBERT,DOBOSZ,59120561533
JADWIGA,JAKUBCZAK,66010491928
JAKUB,KRZYŻANIAK,71122246234
STEFANIA,STASIAK,57022784360
RADOSŁAW,MARCINIAK,97042789752
LEON,TROJAN,98121473072
NATALIA,SZCZOTKA,15272992601
EDMUND,KOŁEK,18230737559
ANIELA,KACZMARCZYK,73042615723
HUBERT,POLOCZEK,08232109436
IWONA,MACKIEWICZ,17220403809
WŁADYSŁAWA,JACKIEWICZ,65020112881
SYLWESTER,BARTOSIEWICZ,02211534152
EUGENIA,BUREK,66100715723
STANISŁAWA,WROŃSKI,97100796746
ROBERT,DĄBKOWSKI,63061684130
HALINA,SOBIERAJ,02300102767
ANGELIKA,PUZIO,52111111164
ALINA,BARNAŚ,98112463305
HENRYKA,LISZKA,18270184164
OLEKSANDR,SZEWCZYK,96121721133
MILENA,RUSINEK,55040970749
SERHII,POPIEL,60102966590
IRENA,SOBKOWIAK,50041341460
KAZIMIERA,PIECHOCKA,94082217160
HELENA,WASILUK,97031862848
ALICJA,JANUSZKIEWICZ,72121361445
KAROLINA,KOROL,19292384448
BARTOSZ,KLEIN,18212523417
BARTOSZ,BIAŁECKI,01210770899
MARCEL,JANUSZEWSKA,09250794493
BOGUSŁAW,KURIATA,61022853555
NATALIA,WĄS,17250571143
MICHALINA,SARNECKA,08242759267
GRZEGORZ,MAGIERA,72070232696
JADWIGA,IGNACZAK,71101291189
MARTYNA,BACZYŃSKA,59061478987
MAKSYMILIAN,BAŁDYGA,50062757796
AGNIESZKA,CHRZĄSZCZ,82120617928
SZYMON,GWÓŹDŹ,67052429153
JOLANTA,NOWIK,01260461648
OLEKSANDR,DUDZIAK,73122578131
WIOLETTA,GOŁĘBIEWSKA,74032510321
RYSZARD,FURTAK,84030655234
MIKOŁAJ,SIWIŃSKA,10242338258
DANIEL,RYDZEWSKA,57041290558
ADAM,ŚWIERCZEK,53032217513
ANDRII,MROWIEC,92021439811
IZABELA,WILCZAK,83022564420
IWONA,OSUCH,88112032742
WIKTORIA,MNICH,90082101227
WERONIKA,HERMAN,03292290005
MAGDALENA,KOWALKOWSKA,94041291141
CZESŁAW,CZERNIK,62090100851
WŁODZIMIERZ,DRABIK,15280884491
STANISŁAW,PAWLAK,00222796435
WIOLETTA,FRANKOWSKA,74061627223
MARIAN,KOŁODZIEJ,58092285773
CZESŁAW,KULIŃSKA,50082289978
SEBASTIAN,PODOLAK,79042534815
MARCIN,KASPRZYCKA,67101392258
HELENA,BUDNY,99030976946
IZABELA,CHOJNACKI,83051079267
KAROLINA,ŻOCHOWSKA,16301940622
ROZALIA,TROJANOWSKI,58061831729
BEATA,PODSIADŁO,12221100786
BARTOSZ,SZELIGA,76081237873
EDWARD,JASKÓLSKI,96021640831
OLEKSANDR,DZIUBEK,95011977397
ALINA,RYBICKA,70092780225
ARKADIUSZ,PAŁKA,86092693737
OLIWIA,KASPRZYK,89101603002
VOLODYMYR,KRAUSE,15212407776
WIOLETTA,TOMCZYK,65101672426
BARTOSZ,KOŁACZ,85032925910
BEATA,GRABSKI,65112120226
BARBARA,BALCERZAK,86021539527
JÓZEFA,MELNYK,99052493449
ANNA,MYSZKOWSKA,88071272865
CZESŁAWA,SUDER,69010799348
SŁAWOMIR,PUDŁO,91092215090
OLGA,KRUPIŃSKI,75013096603
WITOLD,WĄSOWICZ,08252083132
WIKTOR,TROJAN,01260796193
DANUTA,KACPRZYK,57030480443
SEBASTIAN,WILCZYŃSKI,15272877375
KAROLINA,DUDEK,19251445304
MARIANNA,MALINOWSKI,71022472988
NIKODEM,BADOWSKA,62110297758
HALINA,KRUSZEWSKI,00321131304
KONRAD,CHOIŃSKA,88121137838
HELENA,PIWOŃSKA,91062983927
GRZEGORZ,PELC,62032311059
NATALIIA,CELIŃSKA,06230539387
AMELIA,ZYCH,82031377489
RENATA,SOBCZYŃSKI,66110330505
LESZEK,TOKARCZYK,70061938077
MAGDALENA,ZIELONKA,86011904001
KAZIMIERZ,NAWROT,04293030658
ZYGMUNT,KMIECIK,53122457139
SŁAWOMIR,NOWOSIELSKI,05253190274
GABRIELA,SZYSZKA,66072514249
ZENON,KOSECKI,93020704854
ANETA,WOJNOWSKI,72071869082
ŁUKASZ,SADOWSKA,64032518078
MONIKA,RUSZKOWSKI,70082759743
MIROSŁAWA,WOJNAROWSKI,56092566003
ZYGMUNT,OGONOWSKI,63050750059
ANTONI,MAZUR,13233197595
PRZEMYSŁAW,KRZYŻANOWSKA,02302980732
MIROSŁAW,KOKOSZKA,92083002538
SYLWESTER,JURCZAK,19212099836
MARIUSZ,BATOR,52031674756
RADOSŁAW,GÓRNY,77042043474
CECYLIA,BANASIK,59060240529
TETIANA,ŚWITALSKA,81110249220
KACPER,LEŚNIAK,77021822014
JANINA,DZIUBA,65010906528
BOLESŁAW,SMOLAREK,51052174632
JÓZEF,RUDNICKI,78070374033
ANGELIKA,MACIEJCZYK,67012582263
RADOSŁAW,KOZERA,98012598495
HANNA,BOCZKOWSKA,12320398765
ALEKSANDER,KORCZYŃSKA,02222472773
ROBERT,WASIELEWSKI,73091351696
ADRIAN,KWIECIŃSKA,68022553676
JÓZEFA,SUCHECKI,04322802968
SEBASTIAN,KOŁEK,54031217016
JANUSZ,SZLACHTA,70101806397
JULIAN,RYBACKA,05252063975
HENRYKA,GONTARZ,65080890062
JULIAN,JURCZAK,54052409058
JANINA,KOCIK,04252053227
ANNA,DUDKIEWICZ,01232625441
DAWID,GRZYWACZ,04302374315
JOANNA,BARANOWSKI,75041877906
WOJCIECH,KARCZEWSKI,97071681836
CZESŁAW,SZEWCZUK,57021302695
LEOKADIA,SIEMIŃSKI,71080116967
AGNIESZKA,PIASKOWSKI,56073134728
DARIA,WOJTAS,80111828661
SABINA,BLOCH,77042343864
ZYGMUNT,KOŁODZIEJSKA,77072420810
BEATA,GAWEŁ,73122062304
BRONISŁAWA,ŚWINIARSKI,69021572709
MIKOŁAJ,KRYŃSKA,50041520412
BRONISŁAWA,KORCZAK,06250762361
DAMIAN,WANAT,50021181176
BOGUMIŁA,PRZYBYŁO,62060351964
EWELINA,WOŁOSZYN,72012140081
EMILIA,TOMALA,07262881024
DAMIAN,GŁUSZEK,10270979036
URSZULA,SZADKOWSKA,74120144009
KONRAD,KUPIS,72021968335
SEBASTIAN,CZUBA,56090642699
ZYGMUNT,BONDARENKO,05242811614
AGNIESZKA,URBAŃCZYK,19311191945
WERONIKA,GRABIEC,92102957346
LIDIA,DOPIERAŁA,73081763407
OLENA,BUCZKOWSKI,59111369207
BARBARA,ZIELIŃSKA,12221226860
STANISŁAW,BOROWICZ,90083082835
KAMILA,SHEVCHENKO,19232888700
KACPER,WOLANIN,03260604917
MARZENA,STASIUK,84122753628
AMELIA,SIERADZKI,59011627881
RAFAŁ,OLECH,05242686777
MAGDALENA,OLEK,64011141163
MARCIN,GIEMZA,09252766654
ROZALIA,WACHOWSKA,54041506144
ANTONI,MAŃKA,67101564057
BOŻENA,BANASZKIEWICZ,94092058245
BARBARA,WRZOSEK,95013137502
MICHALINA,LANGE,16271827781
MAKSYMILIAN,SYNOWIEC,18290886235
MAŁGORZATA,KACZOR,90051951264
IGOR,WOJNAR,74062974218
PAULINA,BŁAŻEJEWSKI,00221263163
DOMINIK,WRÓBLEWSKI,96022988695
LAURA,JAROSZEWSKA,53091300340
KAROL,BŁASIAK,78110568714
EDMUND,DAWIDOWICZ,59082072656
KATARZYNA,BOCHENEK,08301996468
MATEUSZ,NĘDZA,69102906595
HELENA,PŁÓCIENNIK,19310577883
AGATA,GORZKOWSKA,75021239261
IGOR,CZECHOWICZ,75041680090
ROBERT,KUPCZAK,65012937816
EDYTA,GRELA,01321104046
MATEUSZ,ŻÓŁTOWSKA,78042504819
FRANCISZKA,KITA,61042723988
KAROLINA,KARWAT,00312537740
ANNA,PIWKO,63011740907
MARZENA,KOSOWSKI,86092272343
WŁODZIMIERZ,PISARSKA,11260862851
JOANNA,MROZOWSKI,60102245761
HELENA,SZOSTEK,11211062460
ELŻBIETA,JABŁOŃSKI,66061247226
WIESŁAW,SZMIDT,72030428958
AGATA,SZULC,61111561022
MAREK,MIKOŁAJEWSKI,79012365153
BEATA,JASKULSKA,55070319666
WIKTORIA,KOTOWICZ,74022126949
MAREK,CHUDA,04222905118
JULIAN,BARAŃSKI,51081943335
KAROL,BATKO,71122048751
AGNIESZKA,ŁOZIŃSKI,10211553008
ŁUCJA,BARCZAK,99061021389
DAWID,PIECHOCKI,65040444632
LENA,ADAMCZUK,11281545988
PATRYCJA,KLUSKA,85092272988
MIROSŁAW,BIELAWSKI,74081800653
MIŁOSZ,SOBIERAJSKI,50032723370
LIDIA,BARTNICKI,73030793181
MIKOŁAJ,KRÓLAK,56041664776
GRAŻYNA,KUCZERA,88081852268
MAREK,DRZEWIECKA,03320609270
LUCYNA,SŁOWIKOWSKA,95090325908
TOMASZ,OLEJNIK,03211200452
BEATA,KALITA,55110341381
JAN,PACZKOWSKA,76121525654
NIKOLA,LUPA,96110615342
IRENEUSZ,PŁONKA,93122840294
DAWID,JAROSZEWSKI,92030159139
HENRYKA,ORZEŁ,17290197448
GRAŻYNA,BARANOWSKA,07270848800
KLAUDIA,CHUDZIŃSKI,03310137523
GRAŻYNA,MIELNIK,05311984807
LUCYNA,KRZYŻANOWSKA,55122668766
MARCEL,OLIINYK,76111213619
MARTA,BONDAR,93112438269
ANETA,TRUSZKOWSKA,75040929703
HENRYK,SZCZEPAŃSKA,51091237277
JAROSŁAW,PIOTROWSKA,82040657677
WIESŁAWA,STAWIARSKA,88052470567
KAZIMIERA,DZIEDZIC,11303005441
JUSTYNA,DAWID,50102599588
JACEK,URBAN,91050138137
ALICJA,KAWCZYŃSKA,57100986963
ROBERT,KALIŃSKI,78072180234
MARIA,WIŚNIEWSKI,18221218526
ADAM,MOKRZYCKA,53073097073
VOLODYMYR,MICHALSKA,64050531453
MIROSŁAWA,TOKARZ,84022313427
SYLWESTER,KOZUB,70122071695
MAREK,JAKUBCZYK,19320804232
WALDEMAR,AUGUSTYNIAK,55070664513
JACEK,WILCZYŃSKI,82032984817
JACEK,ZIMNY,63042481697
BRONISŁAWA,MARSZAŁEK,09290519968
DARIA,KLESZCZ,92092370486
NATALIA,KUŚ,66031491844
MIECZYSŁAW,SOCHA,99032299654
JANUSZ,RÓŻAŃSKI,09272034410
EMILIA,SAJDAK,69042449282
BEATA,MALISZEWSKI,12262887901
BRONISŁAWA,PODGÓRSKA,11310313584
RADOSŁAW,KARCZ,11250832219
KACPER,KRYGIER,68010856138
GRAŻYNA,STEFANIAK,64022794125
HUBERT,WYPYCH,68050704398
ZUZANNA,KOSTRZEWA,76062786169
ADAM,SARNECKI,69060481792
OLEKSANDR,KAWA,94010676856
ALINA,POLOCZEK,63013087486
ADAM,SIKORSKI,54030597517
WERONIKA,NOGA,08270855845
EMILIA,ORLIŃSKA,95020586027
MILENA,WITKOWSKA,74020465745
ZBIGNIEW,KALETA,01242915938
ANTONI,CHYLIŃSKI,97120324075
ŁUKASZ,KOZIOŁ,19260413176
MARIAN,ADAMKIEWICZ,89121996517
KAMILA,SIEMIŃSKI,72102565020
PIOTR,LUBIŃSKA,93072132357
ADAM,SZYMANIAK,19292662571
GRAŻYNA,RYBAK,71100408283
STEFANIA,PILARCZYK,05260237403
NATALIA,KRAKOWIAK,14282795147
WIKTORIA,STĘPNIAK,89040445189
EDYTA,MOTYL,13310154884
MAGDALENA,MICHALEC,64110555247
PATRYCJA,SZMIDT,85081389480
IRENA,TUSZYŃSKA,07322803427
PAWEŁ,GRAD,90071815278
WALDEMAR,POGORZELSKI,85082045253
OLIWIA,JAKUBCZAK,71042566544
DOROTA,ANTOSIK,79052151729
HELENA,ZIĘBA,56071253180
LENA,PIWOWARSKI,97060408101
DOROTA,CYBULSKA,80071767224
ARKADIUSZ,GŁUSZEK,86112063298
IGOR,SAVCHUK,70030566494
EDMUND,MAŁEK,10211629934
MACIEJ,WALKIEWICZ,98081608417
MAJA,MAĆKOWSKI,54120139683
IRENA,KOT,57091563268
JANINA,TOKARSKA,71112452540
STEFANIA,PIETRUCHA,52032165383
MIŁOSZ,ZAKRZEWSKI,56022284696
WERONIKA,MORAWIEC,51092396508
MARCIN,KLESZCZ,93020595858
LAURA,MIKOŁAJCZYK,72053139646
NIKODEM,WIATROWSKA,57091172293
RADOSŁAW,ZAWADA,01281296113
MACIEJ,NOSAL,72032241111
ANGELIKA,KOT,70071531929
KLAUDIA,SZOSTEK,14302494461
NIKOLA,KRUPA,52100181363
LEOKADIA,CISOWSKA,00320298048
DOMINIKA,MAŚLANKA,74052380849
ZUZANNA,ZIOMEK,69011898664
MILENA,ŻOCHOWSKA,51120596807
ALINA,GÓRALCZYK,07290398284
WACŁAW,DROZD,01250899376
ZOFIA,JOŃCZYK,56031339183
WŁODZIMIERZ,CIEŚLIŃSKA,19310887771
JUSTYNA,KUROWSKA,04222557346
KLAUDIA,SUSKA,55051915227
JADWIGA,SEMENIUK,51030951820
OLEKSANDR,FLOREK,18300130536
BARTOSZ,MISZCZAK,90112679470
MIROSŁAWA,NOWICKA,85113084945
EWELINA,GRZEGORZEWSKA,66060474166
WOJCIECH,OLESIŃSKA,10230759537
MATEUSZ,PALUCH,70081389677
NATALIA,JOPEK,12300667566
OLIWIA,RYNKIEWICZ,58111985341
NATALIA,PIENIĄŻEK,06282315720
MIECZYSŁAW,KWAPISZ,85061701835
PATRYCJA,WIERZBA,06260100087
SZYMON,SOBKOWIAK,59020166797
ANIELA,JUSZCZAK,05302342267
LIDIA,PILCH,57041708981
EUGENIA,ANTCZAK,66011882121
FRANCISZKA,FILIPIAK,61061459183
EWELINA,ZYCH,91062242208
MIKOŁAJ,POLAKOWSKI,58082000274
EDMUND,SAMBORSKI,09280242753
RYSZARD,KUŹNIAR,83031188714
ROMAN,SAMSEL,63091308675
SYLWESTER,POPŁAWSKA,89060267130
MARTYNA,GŁUSZEK,07262794245
OLIWIER,GAWRYŚ,73112572875
URSZULA,PRZYBYŁEK,62071011909
MICHALINA,ROMAŃCZUK,17242424745
KAMIL,DAWID,99072263257
SYLWIA,BIEŃKOWSKA,98110538881
MARIA,BOCIAN,17260865962
BOGUMIŁA,KASIŃSKI,96072225324
ANGELIKA,CABAN,63030487984
EWA,BAJER,51111936706
MAŁGORZATA,JĘDRZEJCZAK,83010940900
GENOWEFA,TRELA,75101386223
ANTONI,OLEJNICZAK,84031734134
KRYSTIAN,TOMALA,96060271395
REGINA,CHYLIŃSKI,02232238149
EDYTA,SIWAK,94061008729
EMILIA,RADECKI,91110237446
NATALIA,KORALEWSKI,84011664981
JANINA,TOMALA,50103048869
PAULINA,JAGIEŁŁO,82111146462
KATARZYNA,ĆWIK,02292070909
SYLWESTER,PUSTELNIK,61091293072
EUGENIUSZ,BATKO,60081819795
MARIA,NOWAK,70052520205
EWELINA,OLSZEWSKA,11212146525
ŁUCJA,STEFANOWICZ,92031454486
KAMILA,BRZESKA,82060172965
MARZENA,BUDNY,08280611709
OLGA,GARBACZ,99012811782
ANETA,GÓRNIAK,99062247469
EUGENIA,KRYSIAK,53011754622
ADAM,BĄKOWSKA,60031039790
ALEKSANDRA,BUCZEK,95021464601
MAJA,WOJTKOWIAK,51121567228
LESZEK,KOSIOREK,92071634174
FRANCISZKA,KUPCZAK,72121798722
NIKOLA,SHEVCHUK,63080825369
BARBARA,KRASIŃSKA,94090559229
EUGENIA,KISZKA,73061038464
EUGENIA,SZCZUREK,04280106449
JACEK,ROGOWSKA,86081617836
IWONA,DEMBIŃSKA,18221860969
ADAM,PRZYBOROWSKI,56061299712
ZOFIA,KOZIK,77031011640
JERZY,SIUDA,78062090437
DAWID,CZAJKA,16233056350
KACPER,DEC,69110500297
JÓZEF,SUŁKOWSKA,69051095515
EWELINA,MIELNIK,06302770368
IGNACY,KILIAN,66081683293
WŁODZIMIERZ,KRAWCZYŃSKA,18211155893
MICHAŁ,MANIA,69110299490
KATARZYNA,FLOREK,75081989926
KACPER,GAWĘDA,73122282250
ANNA,DRABIK,03231248843
MAREK,ŁUKASIEWICZ,69050339575
WIKTORIA,SZULC,52082489648
EWA,WOJNOWSKI,52121008889
WIKTORIA,WOJTASZEK,50042898626
MARZENA,KUŚMIERZ,01251892323
RENATA,ŚWINIARSKA,50020898466
ŁUKASZ,NIEDBAŁA,56092773311
REGINA,WIECZOREK,13281619403
JÓZEFA,CISZEWSKA,14270928526
MARIUSZ,PIWOWAR,97082217352
ROMAN,WIERZBOWSKI,67050684794
MIROSŁAWA,DROZDOWSKA,07222798801
MARTA,OLEJNICZAK,93030393921
PRZEMYSŁAW,JACKIEWICZ,59101148014
WACŁAW,KOŁEK,92021585932
OLENA,KOTAS,80032810743
JANINA,GRABIEC,97050157103
FRANCISZKA,CHMIEL,12302956042
ALICJA,NIEWĘGŁOWSKI,73121964522
AMELIA,RYDZEWSKI,95032418884
EDYTA,MARCINKOWSKA,62122236963
OSKAR,KACZOR,68061220913
MAKSYMILIAN,WOLANIN,53051885838
BOGUSŁAW,URBAŃSKA,99020373155
TADEUSZ,CZAJKA,16300431077
TERESA,GRUCA,58121491049
JUSTYNA,GACEK,52112543902
EMILIA,SZYMANOWSKA,91083071982
STANISŁAWA,BROŻYNA,78120714086
BOLESŁAW,KRYSZTOFIAK,04231746935
RAFAŁ,STAWICKI,03210687216
ZENON,KWAŚNY,08220802019
JANUSZ,PIKUŁA,15320301434
JAN,MALIK,89020974715
WŁADYSŁAW,GORZKOWSKI,85052467935
KLAUDIA,BUDNA,00243065680
EDYTA,SZYMANEK,73010750900
JULIAN,KUBICKI,70040539550
SŁAWOMIR,MISIEWICZ,91080213815
PRZEMYSŁAW,FILIPCZAK,55091154738
ZBIGNIEW,GRZESIK,91010705850
ALEKSANDRA,KUŹNIK,71010159026
KONRAD,PLEWA,04240167437
BOGUMIŁA,BUDNY,15211164948
KAMILA,GŁOGOWSKI,56041741781
KAMIL,TYSZKIEWICZ,98051192816
ELŻBIETA,MADEJSKI,60081653360
BARTOSZ,PASZEK,68042128430
JADWIGA,BOGDANOWICZ,57020833387
JAKUB,KOTWICA,17241479890
WIKTOR,NOWACZYK,58050488570
HUBERT,GRZYBOWSKI,82032343218
ŁUKASZ,ŚWITAŁA,03311103796
BOGDAN,RYBIŃSKI,83100687795
ZOFIA,CIEŚLA,54101130421
WIESŁAW,RUSIN,95033005230
MAŁGORZATA,MAJCHER,71112758288
PAULINA,NIEWĘGŁOWSKI,94022884003
LUCYNA,AUGUSTYN,99092424801
STANISŁAW,MOCZULSKI,06242126979
WERONIKA,JANECZEK,09312312625
KAZIMIERA,PAWLACZYK,75021226708
ADAM,TKACHENKO,02301364739
CZESŁAW,SZWEDA,72012806831
WOJCIECH,IGNASIAK,08242916259
ALICJA,JASZCZUK,83050966685
ZYGMUNT,STEC,95032839674
MICHAŁ,WIECZOREK,86051409852
EDWARD,PODOLAK,80042591717
ANGELIKA,SZAFRANIEC,56021246123
BOGDAN,SKIBIŃSKI,93100176337
JÓZEF,MAJKA,79091028374
PATRYCJA,KOZUB,91101152547
MONIKA,WÓJCICKI,02221676666
MARZENA,KRUK,92041628264
SERHII,STANEK,03290617558
URSZULA,DREWNIAK,12211808249
FRANCISZEK,STARCZEWSKA,85030959335
JAROSŁAW,KASZA,72091692112
WALDEMAR,JAKUBIEC,19222360410
MIROSŁAW,POPŁAWSKA,63102411176
JERZY,DZIURA,15231376314
IGNACY,STĘPNIAK,62090467697
FILIP,CYWIŃSKA,69092031813
JUSTYNA,MIELEWCZYK,55060723622
KAROL,GRZYB,50100817790
ADRIAN,PIÓRKOWSKA,16242094192
WŁODZIMIERZ,KONIECZNY,63062412613
PAULINA,FLAK,10281248983
DAWID,ZDROJEWSKA,82042874450
DANIEL,NOWACKA,86110306531
OLENA,SZWEDA,81121646041
PAWEŁ,SZWED,99031055372
RYSZARD,ŁUKASIEWICZ,94081016937
WACŁAW,GRUSZKA,94092116354
MIKOŁAJ,LISOWSKA,65100836058
DOMINIKA,KĄDZIELA,67010119027
BOGUMIŁA,GĄSIOROWSKI,72012312804
BOGDAN,KRAWIEC,64083183155
JANUSZ,SIEŃKO,83112039638
OSKAR,PIĘTA,77071784456
WIOLETTA,KUSTRA,90062827585
WŁADYSŁAWA,KOSTECKA,59030710140
CZESŁAWA,STOPA,10300500744
JANINA,DANIEL,00231711681
NIKODEM,STAWIARSKI,12220404331
MICHALINA,ŚWIĄTEK,59100775006
MATEUSZ,TARKA,15260295132
PIOTR,BATKO,92041280815
NIKOLA,LASKOWSKA,91080957704
MICHALINA,POTOCKI,75080429368
MARCIN,SZEWCZYK,12320276272
PRZEMYSŁAW,NIKIEL,01252333016
ADRIAN,PIWOWARSKA,99022386333
GABRIELA,LACHOWICZ,75120453108
DANIEL,KASPEREK,63050805650
ALEKSANDRA,ŻYDEK,07230176927
DANIEL,SKALSKI,86021716713
LAURA,KUŹNIK,52010846004
JÓZEF,BONIECKA,64103134538
ANTONINA,DOMINIAK,69123181063
LUCYNA,STRZAŁKOWSKA,80020905668
DMYTRO,OGÓREK,93030686595
WIESŁAWA,MYSZKA,86121371285
WŁADYSŁAW,KAPUSTA,99073130257
PAWEŁ,URBANEK,15240164614
NATALIA,ZIĘBA,82090348402
WIESŁAW,GRZELAK,99103055356
KINGA,MIŁEK,65042350281
MAGDALENA,GALAS,97072336445
BARBARA,DZIĘCIOŁ,84021374168
DANIEL,JASIŃSKI,99101829892
JADWIGA,BRZOZOWSKA,00292797181
MARIANNA,ANDRZEJEWSKI,91051430801
RAFAŁ,MIKUŁA,73121034810
TADEUSZ,RADOMSKA,56060218893
EUGENIA,WISZNIEWSKA,75011272647
MIROSŁAW,SKRZYŃSKI,11320684014
ANNA,JANISZEWSKI,53081227123
AMELIA,KUJAWSKA,85080317945
KINGA,KRASOŃ,07221441984
MAKSYMILIAN,OZIMEK,09211393857
GRZEGORZ,WOJEWODA,69101045853
ANDRZEJ,KWIECIŃSKI,57122767858
SERHII,WASILUK,98112833939
MARTA,GAWLIK,92010406925
KINGA,ŚWIĘCICKI,64102222449
KAROL,SZOSTEK,93052293337
IGOR,GOŁĘBIEWSKA,51012599392
WIOLETTA,BĄKOWSKI,07312177880
REGINA,KALINOWSKA,52111673381
EUGENIUSZ,POŹNIAK,99091275170
LENA,NOSAL,77120936364
REGINA,WĄTROBA,69031720769
IGNACY,BURA,68071115278
MAREK,BŁASZCZAK,79010706354
PAWEŁ,CZECHOWICZ,62070631977
STEFANIA,KRZYWICKA,07210569701
MAKSYMILIAN,PIÓRO,71021444999
ARTUR,KROK,69070367116
KRZYSZTOF,TOMCZAK,51032174890
WITOLD,ZADROŻNA,72062613955
KRYSTIAN,LEMAŃSKA,98021396859
IZABELA,DUDA,86112477088
JOANNA,GRZEGORCZYK,18310683387
BEATA,SZCZĘCH,87012073745
KINGA,DOBROWOLSKA,63100472849
EMILIA,SZCZĘSNY,08252142303
KINGA,ŻUCHOWSKI,96101500741
ANGELIKA,PIOTROWICZ,94091094664
JADWIGA,PIETKIEWICZ,70092673983
JADWIGA,ŁOBODA,04272859504
JOLANTA,SOJKA,16273177341
IGNACY,JÓŹWIAK,07210173298
SYLWESTER,WĘGRZYN,65091574496
ZENON,BŁASZCZYK,94111112370
ALICJA,RATAJCZAK,65021339047
EUGENIA,GĄSKA,95082186306
IGOR,BRODOWSKI,78021360672
PATRYK,CICHOSZ,96121498710
MONIKA,LIPOWSKA,68120981225
PATRYCJA,MAĆKOWSKA,81070332800
WERONIKA,BRYK,08261123607
FRANCISZKA,SZMIT,71111545289
ADRIAN,SPYCHAŁA,85101442032
BOGDAN,SIDOR,93122353370
ALICJA,SOŁTYS,93030146802
MICHALINA,DOPIERAŁA,11302881608
DARIA,PRUSAK,62021111383
ZYGMUNT,MUSIOŁ,81011018451
HUBERT,WNUK,60102172319
EWELINA,MASŁOWSKI,70121288348
JOANNA,ZARZYCKI,52081993443
JERZY,KLIMAS,74042574492
ANNA,PIRÓG,70100132004
SŁAWOMIR,CIOŁEK,76121297359
LEOKADIA,PANASIUK,92041276801
STANISŁAW,SZCZEŚNIAK,61032477572
WANDA,PASZKOWSKI,69031197741
MARIOLA,CZEKAŁA,15290599604
LESZEK,JANOWICZ,76032834715
ZOFIA,KĘDZIOR,99072188602
IRYNA,ĆWIKLIŃSKA,89031156746
ALINA,WALKIEWICZ,04301787426
CZESŁAWA,BIAŁOWĄS,97040405823
KLAUDIA,MARKOWSKI,13210246160
TERESA,KACZYŃSKA,74072674423
JUSTYNA,GAWEŁ,92082921100
ZUZANNA,MĄCZKA,15260530789
RYSZARD,POPIOŁEK,18270586577
MACIEJ,MARSZAŁEK,85112231294
CZESŁAW,KULA,72071210376
MARCEL,NOCOŃ,01211498297
LEON,STACHOWICZ,72080749630
EUGENIA,TARASIUK,82120889680
KAMILA,KĘDZIA,85030129620
MARTA,SOSNOWSKI,64121503844
LAURA,KOSEK,90013048061
MIŁOSZ,OGONOWSKI,10242270958
JAKUB,MIŚ,57013084833
EDMUND,TKACHUK,53060230753
TETIANA,KUŁAKOWSKI,97080117180
ROBERT,STANISŁAWSKI,89020593378
SYLWIA,GÓRAL,56041935304
MARIANNA,WOJNAR,56071664144
MICHAŁ,KRÓLAK,70121068775
MAJA,KUCZERA,65072340281
MICHALINA,WASILUK,18302901723
NATALIIA,KUBAS,75071877626
JADWIGA,MIERNIK,91062283089
WACŁAW,BORECKA,92071121111
ALINA,KUNA,11233142287
EDYTA,MICHALEC,91081920844
HANNA,ZAREMBA,72011306981
STEFANIA,KALBARCZYK,91092608920
PAWEŁ,OGRODNIK,52032397494
ALINA,WOLNY,04312420109
KONRAD,SIEŃKO,81020775396
CZESŁAW,JABŁOŃSKA,77060891972
WŁADYSŁAWA,URBAŃSKI,59062543941
PAWEŁ,DUTKIEWICZ,78072980575
HENRYKA,PASEK,55100470989
DANUTA,SKALSKI,09230337641
MARIOLA,RYBIŃSKI,55102487864
BOGUMIŁA,CISOWSKI,87050313126
MIŁOSZ,KLESZCZ,82041367951
JÓZEFA,PAWLIK,86110978802
MIŁOSZ,PASEK,98103072758
TERESA,SZEWCZUK,74020528545
EUGENIUSZ,JASIŃSKI,92020234912
IGNACY,TKACHUK,95101234739
SEBASTIAN,MASTALERZ,53031939474
WALDEMAR,WĘGRZYN,50022541935
PATRYK,BADURA,90102000194
MAJA,MROZIŃSKA,94051842041
FRANCISZEK,STRZYŻEWSKA,14241430690
MARIOLA,MACHNIK,00282409566
MAŁGORZATA,PORĘBA,67101673582
LENA,STOLARCZYK,19272405587
MARTYNA,WARDA,65022254064
HUBERT,JAROSZ,07272287852
IRENEUSZ,ZABIELSKI,08301458197
PATRYK,PODSIADŁO,84120458556
KLAUDIA,DYBOWSKI,60092392780
JÓZEF,SIWIEC,08250420070
KONRAD,CICHOSZ,05270218331
WITOLD,KWAPISZ,94031558290
WŁADYSŁAW,KUREK,75070491636
IVAN,ŻYŁA,08263046737
ANNA,KOŚCIELNIAK,52071986305
ŁUKASZ,KRÓLAK,57091169877
ARTUR,WSZOŁEK,09211899155
MIROSŁAW,GUT,13240804598
KRYSTYNA,SOBIERAJSKI,15312493369
MIECZYSŁAW,KARCZ,93091857879
JANINA,SZUBERT,53032302000
GABRIELA,BURA,77082312189
RENATA,ŻAK,11221704327
WŁADYSŁAWA,WĄSIK,81010244604
WIESŁAWA,URBAN,97091279125
OLIWIER,WILCZAK,02261492491
MACIEJ,WOJTCZAK,57042201551
ROZALIA,JÓZEFIAK,60072566442
MARCIN,PARZYCH,17311127311
SEBASTIAN,ŁADA,65022463572
WIKTOR,MOMOT,99022128579
WIKTORIA,SINGH,79090948084
DARIA,PODOLSKI,71073069766
HENRYK,NĘDZA,79041182538
MAJA,FICEK,10281571245
RENATA,FORTUNA,88092749142
WŁODZIMIERZ,KACZMAREK,70022093973
IWONA,SZEWCZUK,56012254085
ROZALIA,KRUK,85050349547
PAWEŁ,KISZKA,86032611810
MARZENA,KLIMAS,84031889544
DOMINIK,ŁADA,69062553431
JULIA,CHOLEWA,15322320543
CECYLIA,KOS,08302649785
EUGENIUSZ,MYŚLIWIEC,84071171876
ROBERT,WINIARCZYK,68022041195
MAJA,WIŚNIEWSKA,64011205902
MARCIN,WIDERA,51082167437
JANINA,NGUYEN,76010312460
DMYTRO,MAJCHER,79102342958
GRZEGORZ,BABIARZ,54061410030
PAULINA,KOCIOŁEK,69070352583
RAFAŁ,BOCHENEK,09301772133
ZUZANNA,ZYGMUNT,62022770824
JAKUB,SUCHOCKI,80050493951
KAMILA,URBAŃCZYK,83042792287
ALEKSANDER,CZYŻ,10280675452
DARIA,JEŻ,85051194566
DOMINIKA,WISZNIEWSKI,94091620821
MARIOLA,RUDZIŃSKI,82112759148
ANTONINA,BARCZYK,03322282826
GRZEGORZ,ZIAJA,16231451836
JANUSZ,KONIECZNY,97060907853
ANETA,TKACZYK,93041320408
OLIWIER,OLCZYK,68071782476
CZESŁAWA,SZYSZKA,07280759624
EDMUND,PYTLIK,64102492413
MARIAN,BIERNACKA,90010676575
RADOSŁAW,DYMEK,58012160494
CECYLIA,KACZMARSKA,10230488329
OLEKSANDR,PIECUCH,85102269436
MARIA,MALIK,68112417789
BARBARA,DYRDA,88011647580
BOGUSŁAW,MIODUSZEWSKA,10302492775
WŁADYSŁAWA,FILA,89062486687
BOLESŁAW,PAWŁOWSKA,99122594256
DARIUSZ,MŁYNARSKI,01232461636
ALEKSANDRA,KOBUS,11302246623
MICHAŁ,JURKIEWICZ,89072060039
MARTA,ZASADA,63082302127
ADAM,FRANKOWSKI,74030566195
LEOKADIA,WOJTAŚ,72081233468
JANUSZ,OLEJARZ,64102584051
MIROSŁAWA,BORUCKA,74050631640
ANDRII,GAWRON,96013065431
MIECZYSŁAW,FORNAL,90021296535
ANETA,KUPIS,82090518407
TETIANA,RODZIEWICZ,11272683228
DOROTA,ORZECHOWSKA,04230784769
MARZENA,CZARNOTA,19271728106
MILENA,PŁONKA,75100450486
MICHALINA,GRZESIK,95120809129
ARKADIUSZ,GRUDZIŃSKI,57011266439
TERESA,KUTA,62022118808
MARCEL,KAPICA,19212039074
JULIA,MIODUSZEWSKI,85021202264
PRZEMYSŁAW,GÓRNA,79091755010
HANNA,FRANKIEWICZ,03260514548
RYSZARD,STAROŃ,17322232279
VOLODYMYR,POPIEL,15220319432
BOGDAN,KUC,78112994098
PAULINA,MOTYKA,75112623889
EWELINA,WYSZYŃSKI,73061392061
BOLESŁAW,KUJAWSKI,12210903310
MIROSŁAW,FILIPEK,72031346374
SYLWESTER,ANTONIAK,90111431675
TOMASZ,GONDEK,81020527337
BOGDAN,PIETRASZEK,64032523779
GENOWEFA,KUŚ,17310547361
JANUSZ,PROKOP,92011187492
TADEUSZ,CICHOSZ,68101121570
MICHAŁ,WICHER,61102844059
WIKTORIA,MOCZULSKI,73122727726
SERHII,WIĘCKOWSKA,02272675850
ŁUCJA,RÓŻAŃSKI,95040855204
STEFANIA,PIĘTKA,08320577727
DARIUSZ,KOPCZYŃSKI,84120312919
JAKUB,GRAD,14232698612
ROBERT,WARCHOŁ,68100244133
MAKSYMILIAN,KUŚ,75033158770
KAROL,WOJTKOWSKA,02212693254
BOGUSŁAW,CIECHANOWSKA,99112930930
RADOSŁAW,GAŁUSZKA,95072666731
SYLWESTER,KOŁAKOWSKI,18272387633
HENRYK,PACHOLSKA,68080650371
DOMINIK,KMIEĆ,04281624294
ADRIAN,KNOP,54101973330
DARIA,FLORCZAK,90121048081
DOMINIKA,KRZYŻANIAK,94040741982
MILENA,SARNECKI,64082049627
DAMIAN,KANIA,06272369810
OLEKSANDR,PŁACZEK,02210189759
MICHALINA,MAKUCH,63122489382
NATALIIA,BOLEK,86070430107
MAJA,RODZIEWICZ,51110957544
KAMILA,CZARKOWSKA,05300699705
KRYSTIAN,BRYK,72022631016
WIKTORIA,ZARĘBSKI,55011149022
AMELIA,NOWIK,16320945323
ANDRII,ZAWADZKI,98051622476
EWA,KRYSZTOFIAK,58100480907
DOMINIKA,ŁUKASZEWSKA,79102016549
MIROSŁAW,FRĄTCZAK,51101034694
MARIUSZ,DAWIDOWICZ,76010582410
OLGA,GIZA,11293060181
OLENA,ZIELIŃSKA,83082450385
DAWID,OSSOWSKI,77120682852
EWA,KOTOWSKA,71051271680
SABINA,KULIG,81092749648
EWELINA,LASOTA,80122975929
WIESŁAWA,WIKTOR,82061515929
DMYTRO,KOŁODZIEJ,55112175814
MARIA,KONIK,94042441989
MACIEJ,BOJARSKI,68081825479
ADRIAN,TRZECIAK,50052132310
MAJA,STĘPNIAK,75052232785
FRANCISZEK,WAWRZYNIAK,60080197355
JANUSZ,CIEŚLAK,56022659119
KINGA,DROZDOWSKA,78013015746
WANDA,IWANOWSKA,01211144846
JACEK,AUGUSTYNOWICZ,66050637894
ZDZISŁAW,KRAKOWSKI,97030445237
KAROL,BORAWSKA,18291795253
NATALIIA,PASIEKA,59091773986
TERESA,STACHOWSKI,05262943485
MARIOLA,PASTUSZKA,76102744384
ARTUR,CZAJA,70092493534
PIOTR,SKUPIEŃ,57050796070
JAKUB,PIETRAS,15210187894
DOMINIKA,FRYDRYCH,81030520447
OLIWIER,SKONIECZNA,88062334570
WŁADYSŁAW,KAIM,97110617570
OLGA,GABRYŚ,87061659224
AGATA,MAZUR,14310289561
OLGA,NAWROT,93082259129
ELŻBIETA,KRAVCHUK,88081474725
NIKOLA,TARKA,85020573022
IRENEUSZ,WINKLER,17302162576
STEFAN,WIKTOROWICZ,89122670919
EDYTA,STANKOWSKI,05290213000
TOMASZ,ŚWINIARSKA,64011749835
HUBERT,POŚPIECH,67020947915
JOANNA,CHMIEL,01230548841
IGNACY,PODSIADŁO,92042555330
MATEUSZ,BIAŁAS,93061051553
MARIOLA,ŻABIŃSKI,67110440625
SYLWIA,GREGORCZYK,56080974348
NATALIIA,LESZCZYŃSKA,74032171445
KAMIL,OGRODNIK,92081064639
LEOKADIA,NGUYEN,58010108564
HUBERT,JABŁOŃSKI,52120987053
MARIAN,ŻUKOWSKA,93060584834
DOROTA,MARKIEWICZ,74011156108
SZYMON,GAJOS,61031296291
BRONISŁAWA,PŁATEK,52111905529
VOLODYMYR,GUTOWSKA,63101603613
WIOLETTA,NADOLNY,15280280365
ROMAN,RUDZIŃSKI,84120208298
AGNIESZKA,GÓRNIK,92120557243
CZESŁAW,WNĘK,95082242437
ANDRZEJ,KLONOWSKA,79120896659
IRYNA,GORZKOWSKI,12273018349
URSZULA,KANIA,54011562060
CZESŁAWA,KUBICA,00273099020
JOLANTA,HINC,08231452269
MIKOŁAJ,SZCZYGIEŁ,00261350236
EWA,KRUK,00242963149
IVAN,OLENDER,62100340790
HENRYKA,DZIKOWSKA,84061162484
DAMIAN,GAJEWSKA,54121641293
OSKAR,ORZECHOWSKA,11252104532
ADAM,PALKA,56052498133
STEFAN,POŹNIAK,03262248739
BARBARA,KAROLAK,54112873326
BRONISŁAWA,BODNAR,01301716041
OLIWIA,SITARZ,54070705325
MARIA,ŁĘCKI,82021504907
ZDZISŁAW,NAPIÓRKOWSKA,51111753057
ANTONINA,LIGĘZA,14290201847
AMELIA,KOSECKA,81111459608
BEATA,DANILUK,83110204128
PIOTR,SZYMKOWIAK,04241374195
BOLESŁAW,NAWROT,84022520438
FRANCISZKA,BOROWIAK,15322564864
JÓZEF,ADAMOWICZ,74071598274
NIKOLA,GALIŃSKI,94073094264
SŁAWOMIR,DOMINIAK,57111672033
KRYSTIAN,ZIELIŃSKI,98060452077
STANISŁAWA,GWIZDAŁA,13280254304
WALDEMAR,SMOLAREK,16283019318
MIECZYSŁAW,WAWER,16271154719
BARTŁOMIEJ,ZARĘBA,64092402016
EDWARD,STASIK,77102742655
LIDIA,CZAPLIŃSKI,71010724628
MARTA,RUSIN,83111154286
MONIKA,KRYSIAK,18220668186
LAURA,WĄSOWSKI,17311714966
KATARZYNA,BOGDANOWICZ,10272900348
BOLESŁAW,ŻURAWSKA,99111217377
PATRYK,AUGUSTYNIAK,62041591455
WIESŁAWA,SAMSEL,67090457644
JULIA,RYCHLIK,16290824101
ANTONINA,BUDA,55041219481
BARBARA,KUBICA,59112042325
BARTOSZ,JÓŹWIAK,75020269414
NIKODEM,ŻBIKOWSKA,93021210239
MARIAN,SZAFRANIEC,51112202550
OLIWIA,STOPA,63032149080
EDWARD,TWARDOWSKA,54082981595
KLAUDIA,PORĘBSKA,87061191605
NIKOLA,GIERSZEWSKA,98020455083
KAROL,BASIŃSKA,92091276950
HANNA,FABISIAK,78090169200
CECYLIA,BRYŁA,51013196284
EDMUND,PIWOWARSKA,54042051452
WANDA,GOLIŃSKA,98080327283
BARTŁOMIEJ,GĄDEK,63042114315
WIESŁAWA,ADAMEK,75041334623
ADAM,PAPROCKI,62072628016
JUSTYNA,GRALA,05321934544
WIKTORIA,DĘBSKI,78030999223
MARIA,WĄSOWSKI,55041057043
LIDIA,WRÓBLEWSKI,90081054403
EDMUND,KOTAS,60041361878
AGNIESZKA,CHMIELECKA,64082187709
BOGUSŁAW,LIPOWSKI,77092635456
BOGUMIŁA,RUTA,08240445261
MICHALINA,OLSZAK,61120661366
ŁUKASZ,OKOŃ,15253034371
KAROL,GAWRON,06301098593
JOANNA,GRUSZKA,67100513762
CZESŁAW,ZIĘTEK,84041156513
ANTONI,WÓJCIK,01283159696
JOLANTA,WOJTOWICZ,62112768401
JULIA,ŻAK,87112929629
SŁAWOMIR,PILARCZYK,52080974234
FILIP,OGÓREK,17242307950
JOANNA,KRZYWICKA,88120761261
PATRYCJA,KSIĄŻEK,94032314206
MAGDALENA,POPIEL,68051297965
JAROSŁAW,BARON,72112295418
ALICJA,ZASADA,69033178348
MARIA,PANKOWSKA,15230672909
ALINA,DOLIŃSKI,03322204145
IRENEUSZ,BUCZYŃSKA,71081650158
LIDIA,NOWIK,16272360469
LEON,JAROSZEWSKA,68072104112
DAWID,MIŁEK,61050914778
IRENEUSZ,KUC,73092135613
MAJA,STACH,15210810963
EDMUND,PIETRUSZEWSKI,70090423436
JAN,MARCINKIEWICZ,92092983118
KINGA,SKIBA,67032841447
ADAM,ŻELAZNA,94110203017
ADRIAN,BANASIK,53030942211
MIROSŁAWA,WĄS,72121477045
HENRYKA,MAŚLANKA,54052025588
IRENEUSZ,SARNECKI,64071476614
RADOSŁAW,GREGORCZYK,07220331213
MARTA,ROGOWSKI,05230324326
MIROSŁAWA,SALA,58070939344
WALDEMAR,GRUSZCZYŃSKI,87030219116
SŁAWOMIR,PAWELCZYK,83091317439
KAROL,PODSIADŁO,79071132550
AGATA,WRZOSEK,60100905722
ALEKSANDRA,KONIECZNY,57100446089
IRENA,WICHER,10231698523
JAROSŁAW,BIL,86030361779
MARTYNA,BARCZAK,14291195147
NATALIA,KMIEĆ,52022693742
LENA,ZWIERZYŃSKA,16272452960
DOROTA,JAWORSKA,65090697981
RAFAŁ,ZALEWSKA,56032436292
LEON,FORMELA,77091850896
PAWEŁ,WINNICKA,61041226079
MILENA,MUSIELAK,08320207961
BARBARA,NIEZGODA,11262333405
ANETA,LEWIŃSKA,64022057660
LEON,PIETRUCHA,91101066417
KACPER,BOBER,11321982777
KRYSTYNA,MASTALERZ,94083086509
JANINA,ROSA,56082584341
ALINA,SZYMURA,66060481043
MACIEJ,KĄDZIOŁKA,69103076776
RADOSŁAW,SKWAREK,90091280571
EUGENIUSZ,SMOLIŃSKI,93122160017
TERESA,RODZIEWICZ,00211277947
WIKTORIA,ŻOCHOWSKI,99091470803
LENA,TRZCIŃSKA,99073115881
WERONIKA,PRZYBYSZEWSKI,14230511784
SŁAWOMIR,SZWED,09211748237
KAZIMIERZ,LEMAŃSKA,89120609032
BRONISŁAWA,TARASIUK,77072170265
IRENEUSZ,KĄDZIELA,04272635319
DARIUSZ,STRZELCZYK,96092036012
KINGA,KOLASIŃSKA,03271317844
MARIUSZ,RAKOWSKA,76040798614
ALEKSANDER,BARAN,51060423456
LEON,MRÓZ,55100302471
IGNACY,GĘBALA,82090967836
URSZULA,KRUCZEK,61012794949
LEOKADIA,PASZKOWSKA,01272515049
ANIELA,MAKOWSKA,02282963086
ROMAN,JANKOWSKA,50021110952
PATRYK,MILEWSKI,05211788958
FRANCISZEK,STEFANIAK,85100189895
BEATA,TARGOSZ,77123154765
WIESŁAWA,KUBICA,03220161524
ALICJA,WŁODARSKA,12243079321
CECYLIA,KISIEL,10230976923
NIKODEM,WŁODARCZAK,56062038398
ZENON,WRONKA,95033147798
STEFANIA,BIAŁOWĄS,95030677368
EDYTA,DMOWSKI,68122543362
REGINA,DUTKIEWICZ,91082733548
PRZEMYSŁAW,BUGAJSKA,13292231816
HUBERT,PARTYKA,87013142192
LEON,LIPIŃSKA,89021332411
ALEKSANDRA,PALKA,84100277623
MAJA,DYRDA,76012546045
EMILIA,FORYŚ,10221593087
BOGUMIŁA,SZYDŁOWSKI,97122095043
KACPER,KOSTECKA,88122925135
KAZIMIERZ,DZIĘCIOŁ,94080222313
GABRIELA,CHROBAK,70061793540
WIOLETTA,ĆWIK,05301789982
LUCYNA,KOWALEWSKA,07311896106
RAFAŁ,SKUZA,63120155816
OLIWIA,LEWCZUK,04272161500
ANGELIKA,SHEVCHUK,96100181046
VOLODYMYR,OCHMAN,51012714458
JANINA,KOŻUCH,70111866266
MAŁGORZATA,JANCZAK,03212763464
BARTŁOMIEJ,BUDNY,63061626639
GRAŻYNA,GOŁDYN,86040915504
MIROSŁAWA,WOLSKI,93111753446
OLIWIER,ŁUCZYŃSKA,09321729212
SEBASTIAN,FORNAL,12251746871
GRZEGORZ,KOZIEŁ,65122410690
WŁODZIMIERZ,KRYGIER,04221802874
KAZIMIERA,WANAT,68071695505
ZDZISŁAW,KWIECIŃSKA,02311917914
EWELINA,NAPORA,79031721929
WIOLETTA,JAROSZEWSKI,15230619021
IRENEUSZ,ZAWISZA,98112617537
MARIOLA,GUT,69060608560
RENATA,WESOŁOWSKI,11210144143
MARIUSZ,MAĆKOWSKI,12241052450
LESZEK,KUŚ,73020284091
ANDRII,SOBOTA,61011266078
KAZIMIERZ,POLAK,07312046876
ANTONI,OŻÓG,10312458657
RAFAŁ,LECHOWICZ,84072788372
EDYTA,MELNYK,98050355249
ŁUCJA,ŁUCZYŃSKI,00262667441
MAREK,RYBKA,83021986717
PAULINA,BARAŃSKA,98110347742
DAMIAN,RUTA,82102798698
ALICJA,SOBOTA,52020560028
CECYLIA,GOLA,01281427346
DOROTA,MICHAŁEK,98042547386
LIDIA,ŚWIĘCICKI,84070104749
AGATA,DZIUBA,08291490340
ZBIGNIEW,WĘGLARZ,55062091576
HUBERT,KRAUSE,66051119870
MARIANNA,TRELA,54081132145
WIKTOR,NADOLNY,58041792910
MARTYNA,SZCZUREK,60090184107
SŁAWOMIR,KOWAL,50020821499
WACŁAW,CHMIELECKA,89051542916
SEBASTIAN,GRZESZCZAK,56020682755
EWA,FLOREK,06302378122
ŁUCJA,KASPRZYCKI,61070691343
MIŁOSZ,TOKARZ,85120669070
TOMASZ,MYSZKA,69010758932
LESZEK,WĘGLARZ,53062083571
SYLWIA,SIERADZKI,02320659186
JERZY,SKÓRA,01230347891
ANTONI,KALETA,56122019712
MARIAN,GŁUCHOWSKI,55100399611
TETIANA,ADAMIEC,86030814888
WOJCIECH,KRÓLIKOWSKI,05321310658
ZYGMUNT,DĘBIŃSKI,62100676819
ANDRZEJ,MĄKA,72050106470
ZENON,GÓRECKA,05291078992
IRENA,JANIEC,74052321644
KATARZYNA,BOBER,96051238589
WIESŁAWA,KUDŁA,99092254523
JAROSŁAW,ZAWIŚLAK,05212019552
ZOFIA,BARTKIEWICZ,71090417366
ALEKSANDER,GIBAS,71100278570
JÓZEF,ABRAMCZYK,50040642258
PAULINA,JANKOWSKI,82041263929
MACIEJ,SPYRA,52121316454
BRONISŁAW,DRZAZGA,18240771358
ANTONI,WRZESIŃSKA,90031592816
NATALIIA,KRASKA,65050314644
ZBIGNIEW,LESZCZYŃSKA,54060205510
JANUSZ,WACHOWIAK,86041764497
RYSZARD,WRZESIŃSKA,12251893719
BRONISŁAW,SOKOŁOWSKI,09251903818
NATALIIA,KURIATA,66082394240
SYLWIA,PYTEL,84091253987
KAZIMIERZ,FRĄCKIEWICZ,63010447898
JÓZEF,KOLASIŃSKI,83090823892
PRZEMYSŁAW,OŻÓG,07221684259
SŁAWOMIR,GAŁĄZKA,90022553158
ELŻBIETA,SIKORA,04320827107
TADEUSZ,AUGUSTYN,60012812998
JÓZEF,SZWED,69081224190
JACEK,DUTKIEWICZ,84031765776
BRONISŁAW,MATEJA,93091085337
LESZEK,PRZYGODA,56040279050
GRAŻYNA,DYMEK,06302624568
PIOTR,JANECKA,51011649333
KAZIMIERA,BUCZYŃSKA,74033008023
ALEKSANDRA,DRAGAN,89050885166
MAJA,KIERZKOWSKI,90042849888
STEFANIA,KOKOT,96032644620
URSZULA,KUŹMIŃSKI,99062183187
OSKAR,PALUCH,97062351438
HENRYK,MALINOWSKA,89122614632
KAMILA,SZEWCZUK,66060551348
KATARZYNA,KOZYRA,19280840646
MARIA,WĘGLARZ,94031705043
HANNA,SZMYT,95020760289
BRONISŁAWA,OLEJARZ,90082951242
ARKADIUSZ,STAWIARSKA,91070304772
IGOR,WOJEWODA,94072108078
KRYSTYNA,JUREWICZ,17283187502
HUBERT,PACIOREK,01322278177
DOROTA,KRUSZYŃSKI,92061062765
WŁADYSŁAWA,MROWIEC,12231678408
ROBERT,GŁUSZEK,60030913754
TOMASZ,WOJTAŚ,73102546299
WŁODZIMIERZ,GUTOWSKI,87032307659
KATARZYNA,TYCZYŃSKA,85072807449
WIESŁAW,PAWŁOWSKI,07210568915
JULIA,FERENC,61070305868
LEON,DUDEK,88032634578
JULIAN,KUŹMIŃSKA,76122197030
MARIUSZ,TRACZ,77122183498
ALICJA,JUSZCZYK,15300320826
RYSZARD,JAGIEŁA,93083080537
KAROLINA,PLEWA,09241910480
ZENON,POTOCKI,05302701453
IVAN,CZERNIK,64111995956
KAZIMIERZ,WANAT,64012583157
KONRAD,KOŁODZIEJSKA,04281931196
EUGENIUSZ,KOŻUCH,60050510397
DARIA,GĘBALA,80011054308
LUCYNA,GOŹDZIK,77100391523
CZESŁAW,PACEK,04252621198
BEATA,FERENC,55051858423
MIECZYSŁAW,MAJKOWSKI,77122008256
PAWEŁ,MALEC,02221225075
VOLODYMYR,MIKOŁAJEWSKA,91100906598
MAREK,LISZKA,84041355578
MAŁGORZATA,WAWER,68033090120
JAN,KASZUBA,79061594298
SEBASTIAN,KANIEWSKI,58072859457
WOJCIECH,OSIAK,96100547130
JAROSŁAW,KŁOSIŃSKA,96032685371
VOLODYMYR,KUCZERA,56090185293
SERHII,TRZASKA,51101988955
EWELINA,KOŚMIDER,79070593749
REGINA,BOROWIK,55010677780
WITOLD,KOWALIK,82051565015
OLIWIER,BŁAŻEJEWSKA,93112543370
NATALIIA,MACHAJ,63070725880
AGNIESZKA,BOMBA,70122534769
KRYSTYNA,MAKUCH,92041222406
PAULINA,GRODZKI,08210846762
MARIAN,KALISZ,84031714978
KAMILA,GRABIEC,60081022306
ANNA,GÓRNIAK,88122797509
ZUZANNA,FILIPOWSKA,76013033586
ZDZISŁAW,CZARNIK,84053034296
EDWARD,ANTONIUK,56070425799
ANTONINA,ZDANOWSKA,16260192283
BRONISŁAW,MROZIŃSKI,74013034156
ZENON,KOC,64062752590
STEFAN,NIEMIEC,75101817716
WŁADYSŁAW,GÓRCZYŃSKA,02261684234
ZYGMUNT,KOT,70041125837
OLGA,KOZŁOWSKA,77030317082
MARCIN,BARTOSZEWSKI,59102957776
MIROSŁAWA,KONDRACKA,68042706908
LAURA,MRÓZ,88060943002
KONRAD,KOŁODZIEJCZYK,51040100034
ALEKSANDRA,KASPRZAK,50092151784
LIDIA,ŁOBODA,66120798807
ROMAN,SYPNIEWSKI,84061625930
ANTONINA,BAGIŃSKA,72051241725
OLIWIER,SKOWROŃSKI,97102463154
MAREK,RESZKA,57051897190
DOMINIK,PLUCIŃSKA,90071552016
CZESŁAW,KRZEMIEŃ,54120121118
WŁADYSŁAW,KOZYRA,99110552659
ARKADIUSZ,SZYSZKO,82111907535
MIROSŁAW,JAKUBCZYK,11260945534
OLIWIA,MATEJA,93071867504
EDYTA,CZAJKOWSKI,62032239261
BARTOSZ,BOGACKI,68111597996
EMILIA,ŁĄCKA,19291162409
ANDRZEJ,WINIARCZYK,93042123451
KACPER,PRZYGODA,78031252439
REGINA,ANTONIUK,19321580322
DAWID,GŁOWACZ,96040589036
MAGDALENA,PIETRUSZKA,51111489525
WIESŁAW,GORZKOWSKI,14231205950
MIŁOSZ,ŻBIKOWSKI,57070150430
HENRYK,MARTYNIUK,92032714231
BOGUMIŁA,WIĄCEK,04322367928
MARZENA,KOSEK,68072735923
MARIAN,GRYGIEL,96112472457
CZESŁAWA,KOZIK,81071914425
JAKUB,WOLIŃSKI,71022149794
KATARZYNA,JĘDRZEJCZAK,95072345900
ZDZISŁAW,SOCHA,13281926633
KRYSTYNA,BOROWICZ,15250839801
ALINA,WÓJCIAK,92020837061
JUSTYNA,GWÓŹDŹ,60010760125
OLIWIER,ZAWADA,60070811476
ANETA,TKACHUK,66041976283
MARIA,BARTOSIK,75090350645
EMILIA,BOGUSZ,99042606943
BRONISŁAW,KOTECKI,19262946850
JAKUB,ANDRZEJEWSKI,15251039835
BOGUMIŁA,WALASEK,80011736129
LAURA,CZARNIK,75021202708
DAMIAN,MACIĄG,89121708273
ANTONINA,KREFT,59040377049
BOGUSŁAW,KOWALKOWSKA,13212740754
ZDZISŁAW,PAWLACZYK,04291316217
MATEUSZ,MRUK,11312780519
CZESŁAW,WILCZAK,04281796379
DARIUSZ,SZMIT,86051241050
DAWID,JURGA,92102878957
PAULINA,ZASADA,82090517062
MARCIN,BIELA,52090151810
SYLWESTER,SZATKOWSKA,79022799391
BOGUMIŁA,KWAŚNIK,59111272121
NIKODEM,GAZDA,74040722750
KAZIMIERZ,TYSZKA,71021946217
LIDIA,SOSNOWSKA,97052691102
WERONIKA,SZAFRAN,95020658447
IGOR,OLEK,50102150114
TERESA,ZDUŃCZYK,97010855502
TERESA,PILARCZYK,67041528609
TERESA,ZIOMEK,99050307205
OLIWIA,SKORUPSKA,95040853462
KATARZYNA,MARCZAK,78050719685
REGINA,SAWCZUK,88121365761
CZESŁAW,KĘPKA,97111258819
LAURA,POGODA,00262612403
LUCYNA,JEŻ,51052662748
JULIA,KARBOWSKI,79060482822
AMELIA,KRZYWDA,50042925445
MAJA,BUJAK,73081420685
JANINA,PIECHOCKA,19310645681
FRANCISZKA,KIELAR,61051338065
MONIKA,MACIĄG,66080463041
EDMUND,KONIECZNY,12241549718
KAMIL,TARKOWSKI,07230388650
MILENA,KĘDZIORA,88111075441
ZBIGNIEW,JARECKI,80090434613
ADRIAN,KLIMKIEWICZ,98102453318
ZUZANNA,ROKITA,54062593309
JANINA,ŚLIWA,78061000264
EUGENIA,PASTUSZKA,56050468686
ELŻBIETA,KASPERSKI,85011126501
STANISŁAWA,DROZD,77061181443
MARCEL,SĘKOWSKA,06270220777
BOGUSŁAW,PIECHOCKI,53032758719
MAGDALENA,WIATROWSKA,09241318486
DMYTRO,KRZEMIŃSKA,57060632652
DARIA,PRZYBYSZ,11230431744
JULIA,KRUSZYŃSKA,94020399329
KAMIL,STAWIARSKA,58042409031
STANISŁAW,JANISZEWSKI,57042374774
KAMILA,JAGIELSKI,68050387403
ANTONI,IWAN,12272086110
JADWIGA,PEPLIŃSKA,66043014868
MAGDALENA,PAWŁOWSKI,79080927901
KAMIL,KOWALCZUK,82060459578
JADWIGA,ŁĘCKA,62032731800
ZENON,MIKUŁA,05252422475
NIKODEM,MIECZKOWSKA,02271829335
DOMINIK,CISEK,11300524970
EMILIA,RUCIŃSKI,68072943065
MARIA,PLISZKA,83091586600
BARTŁOMIEJ,CEBULA,08242682699
PATRYK,DZIURA,13290919130
LIDIA,JODŁOWSKI,19252161168
LENA,ŁUKASZEWSKA,19270753767
ANDRZEJ,KOPIEC,84120500093
RAFAŁ,GOLEC,81110722499
BOŻENA,MRÓWKA,77022444105
KAROL,BRZEZIŃSKA,50052776738
PATRYK,ANTONIUK,51080739731
HUBERT,GANCARZ,00292100178
JACEK,KOZIEŁ,13281308392
JANINA,TUROWSKI,68081147928
ELŻBIETA,GRUSZKA,06291202842
JOLANTA,BIL,73051254766
CZESŁAWA,WAJDA,12301262968
LESZEK,ŚWIERCZ,95060811330
JANUSZ,GOLEC,04261930513
KAROL,GAWEŁ,09320537616
JÓZEF,WOLANIN,65021819114
ANDRZEJ,JAROSZ,16310450912
MARZENA,KALETA,53122962620
ZOFIA,KOTOWICZ,13220655604
IVAN,WLAZŁO,60050596953
AMELIA,PIASECKI,86081405301
MARZENA,POŁEĆ,12270387503
KONRAD,PAPROCKI,86011166159
ALEKSANDRA,SEKUŁA,13280574929
AGNIESZKA,KRAUZE,79032075966
ALEKSANDER,GWÓŹDŹ,93111370151
BOGUSŁAW,MIELEWCZYK,57071934075
CZESŁAW,KONDRACKI,75062648790
EDMUND,NAWROT,94020473096
HENRYKA,SOŁTYSIAK,73011723224
MARTYNA,SOBOL,07251532265
RYSZARD,WYSOKIŃSKI,53022620554
SŁAWOMIR,GALAS,97123147091
HANNA,BARAN,14221892740
JULIA,MARKOWSKI,06212285642
MONIKA,SZEWCZUK,62011313760
EDYTA,MARCINEK,69111994424
JULIA,TOMALA,67020871140
TERESA,RYDZEWSKI,82021305867
BARTOSZ,ZIAJA,96071105919
REGINA,KOCIOŁEK,99040372620
MARTA,ZDROJEWSKI,68110180869
KACPER,PIEKARCZYK,19302119336
CZESŁAW,ŻUREK,06251866972
ROZALIA,SZUMSKI,13221847361
MAREK,BRZESKA,09220847297
BOLESŁAW,GACEK,11213198750
SYLWESTER,SIWIEC,19220757339
HENRYK,JACH,84051009713
URSZULA,STARCZEWSKI,75081292824
WŁADYSŁAWA,DŁUGOSZ,04270402209
JAN,ŚWIDERSKI,62062404998
IGOR,WOLIŃSKA,92081311618
MIROSŁAW,BOGACZ,05292467438
MIECZYSŁAW,IWANOWSKI,16252898537
CZESŁAW,SUDOŁ,77102148239
IZABELA,STRZAŁKOWSKI,02271189426
BARBARA,KOPACZ,56072078124
DAMIAN,KOSEK,99081730399
KAROL,RÓŻYCKI,14241685557
RYSZARD,ZARĘBA,81041020176
ANIELA,KOSIOR,10261224561
EWA,AMBROZIAK,56012991229
PRZEMYSŁAW,BROŻEK,99011090353
ZOFIA,MŁYNARSKA,81042457506
GRAŻYNA,WOLAŃSKI,16291357404
FRANCISZEK,WOLSKI,78010369039
BRONISŁAWA,SKWAREK,60022362043
HELENA,KOZICKI,07240430129
ZBIGNIEW,NOWACZYK,19280244693
KONRAD,WŁODARCZYK,06292423194
MARCEL,FLOREK,59092911811
MARIUSZ,PŁACZEK,58031339156
NATALIA,WOJTAŚ,73010526804
WIKTORIA,DĄBROWSKI,00302694642
MICHALINA,BUKOWSKA,93051750420
JULIAN,SKÓRA,71120508510
GENOWEFA,SŁOTA,50062594845
RAFAŁ,PRZYBYŁEK,12251833216
WERONIKA,PAWEŁCZYK,76083137881
LEON,MACIEJCZYK,12212208697
ZDZISŁAW,KWAŚNIAK,16252556990
HANNA,KISIEL,73102780404
GRZEGORZ,KUŁAGA,54041652050
AGNIESZKA,KOSIŃSKI,74100375469
JAROSŁAW,WYRZYKOWSKI,54052818799
URSZULA,CYBULSKI,88032672547
BARBARA,DAWID,80121053929
JOANNA,PORADA,11280122661
AGATA,LANGE,72050612382
FRANCISZKA,KUŁAK,88081627529
MIROSŁAWA,MATYJA,84031433927
URSZULA,KASZA,55120705740
NATALIIA,SZYMANIAK,63091096082
DAMIAN,TERLECKA,71021097753
STANISŁAW,GAŁUSZKA,52053199394
JUSTYNA,ZIOBRO,01291600522
KAMILA,WIATR,78111829720
ADAM,BANACH,11221363517
HALINA,PAWLICKI,98122751906
IRYNA,GUTOWSKI,18242343245
ADAM,ZAKRZEWSKA,65030562052
MAGDALENA,CZARNOTA,11293009922
STANISŁAW,MITURA,79080867999
DAMIAN,ĆWIEK,18281207658
HENRYKA,MILER,14320890087
MARCIN,BORKOWSKA,71010988655
ANETA,JASIŃSKA,06312309949
WACŁAW,PLEWA,90030704694
KRYSTYNA,CHOIŃSKA,82021375646
ANIELA,MROWIEC,90091666449
PATRYCJA,CHMIELOWIEC,72101868407
KAZIMIERA,WASIELEWSKI,78022630086
SYLWIA,KAWCZYŃSKI,07210393663
LIDIA,BUDNIK,00320226823
JANINA,PIECHA,14262486920
ANETA,BINKOWSKA,87081739500
OLIWIER,SŁAWIŃSKA,70122595737
KAMILA,LYSENKO,70030457945
EWELINA,GANCARZ,71031898546
BRONISŁAWA,FIGIEL,75092609280
KRYSTYNA,KRZYŻANIAK,71112165903
KAROL,STĘPNIAK,69112475591
OLIWIER,MOLENDA,68060651653
KAROL,MODRZEJEWSKA,69051231319
WACŁAW,WIERZBOWSKI,11320576832
MILENA,ŚWIERCZ,89032004284
SŁAWOMIR,CIEŚLA,56012284411
DOMINIKA,STEFANOWSKI,60111877889
JULIA,KRÓL,55021233786
IGNACY,MARCHENKO,86012371655
LENA,KOZUB,90021721107
KLAUDIA,LITWIN,17241716487
EDYTA,WILCZEWSKI,70072274786
DAMIAN,BUCZYŃSKA,77010356913
TERESA,BŁASIAK,87080443361
KAROLINA,MASTALERZ,10260703485
EWELINA,BORAWSKA,69111049445
EDWARD,WIĘCKOWSKI,82110328272
WŁODZIMIERZ,SOLARZ,68022399434
MIROSŁAW,SEWERYN,06282198631
ANTONI,KRYSZTOFIAK,15301822716
KRZYSZTOF,GROMEK,89121570999
BEATA,LISZEWSKI,72072930240
LAURA,SUKIENNIK,97102076060
EMILIA,MACIAK,15282390684
NIKODEM,KALETA,56083059655
JUSTYNA,TOKARZ,53053153560
HELENA,GIEMZA,98122004783
ANTONI,KLIMOWICZ,00322567214
MILENA,MAJKA,90121406108
BOŻENA,WRONA,61011590805
JULIA,MATYSIAK,74102370387
WŁODZIMIERZ,BOCZEK,91061302075
PATRYCJA,BŁASZKIEWICZ,93120820221
KAZIMIERA,GRABIŃSKA,83021239020
ALEKSANDRA,ŁASKA,65121724040
MARIANNA,NOWIK,76071512728
IRYNA,CZERNIK,62081212820
ANIELA,TRZASKA,62013185545
BRONISŁAW,JEDYNAK,70060304073
ANIELA,GRUCA,55103172727
ANIELA,ZAWADKA,59102552025
FRANCISZKA,CYBULA,16251205208
ELŻBIETA,KUTA,01310568183
ROMAN,BEDNARSKI,53121594853
DAWID,SŁOWIKOWSKI,88101738471
BRONISŁAW,MROZOWSKA,59020463450
LUCYNA,CHMIEL,68103145844
HUBERT,MAJER,57060953575
ARTUR,MAŃKA,50012525758
WITOLD,JANKOWSKI,67080374137
RENATA,RYDZEWSKA,53080599722
HUBERT,JANUSZ,11321498894
WŁADYSŁAWA,BRZÓSKA,09262618440
MARCEL,MIELEWCZYK,11240909817
VOLODYMYR,SKOCZYLAS,18222285998
OSKAR,KĄDZIOŁKA,09260889455
VOLODYMYR,BOBER,75081878154
MARIUSZ,GOŁĘBIOWSKA,09280248735
PATRYCJA,DĄBKOWSKA,85090337348
KRZYSZTOF,POŚPIECH,18262335413
IWONA,MAZIARZ,66050408762
MATEUSZ,KREFT,81111379898
GABRIELA,JASIAK,07260829880
BARTOSZ,SUWAŁA,00231057734
ŁUCJA,WACHOWSKA,61120701006
ANNA,RUMIŃSKA,86101745903
MARIANNA,WRÓBLEWSKI,11221902800
MAREK,WĄS,77081239797
ZENON,DUSZYŃSKI,18320347631
PIOTR,NIEDŹWIECKA,14212145730
KONRAD,SZYDŁO,54080728295
NATALIA,MUSIAŁ,71112684088
MAJA,OZGA,63042940781
MARIUSZ,SOBALA,87021296955
STEFAN,BOBER,73021509931
ADRIAN,GÓRKA,08240415996
EDMUND,BIAŁECKA,56110130236
KAROLINA,GIEMZA,89071381489
HELENA,JAKUBCZYK,59082879765
ROBERT,KARPOWICZ,59053008015
JAN,ANTKOWIAK,97031518398
WOJCIECH,HERMAN,54102585152
MAKSYMILIAN,BADURA,02270753530
KACPER,KONKOL,55102910298
BRONISŁAWA,KOROL,97032140987
AGNIESZKA,FRĄCZEK,93081565007
ŁUKASZ,JAROCKI,04232923113
BOGUMIŁA,RAKOWSKA,11230419661
ZDZISŁAW,WACHOWIAK,50102183475
CZESŁAW,ZABŁOCKA,73032174717
EDWARD,NAPORA,87120833912
PATRYCJA,PLEWA,80052287048
EMILIA,WALKOWIAK,81010194923
LESZEK,SZNAJDER,54122662459
MARTA,DUDZIŃSKI,00271068305
WIESŁAW,STOLARSKA,75081302114
LEON,MAJKOWSKI,76022584312
ZENON,SIUDA,13322171138
DAMIAN,GŁODEK,01272725954
ZENON,GIZA,76030229519
LENA,GRUDZIŃSKI,16211769263
AGNIESZKA,SADKOWSKI,65110517381
AGATA,KOSTRZEWSKI,11272234264
ANGELIKA,KRUKOWSKA,11272434084
ELŻBIETA,SIWIEC,82061906727
BARTOSZ,SZMIT,73080794712
SABINA,SAMBORSKA,75070412824
STANISŁAW,BĄCZKOWSKA,51122917053
URSZULA,KORZENIEWSKA,18260710283
WIKTORIA,CIESIELSKA,11250203363
IVAN,KUBICKI,52112381939
JUSTYNA,KUNA,93121577207
MAGDALENA,BOCIAN,99101842266
ANNA,ŻELAZNA,19301770000
OLGA,FEDOROWICZ,74121770005
URSZULA,GĄDEK,77080345022
IZABELA,TYSZKA,98041239422
JUSTYNA,RYSZKA,62091134525
PAULINA,CIESZYŃSKI,99070516326
RYSZARD,PACEK,57081595459
ALINA,WINIARCZYK,11320649826
SŁAWOMIR,PAWLIKOWSKA,99012943056
DAWID,KĘDZIA,02311020658
ZBIGNIEW,BOROWICZ,86020180076
FRANCISZKA,MELNYCHUK,72051479603
ALEKSANDER,LUBIŃSKI,94040914072
OSKAR,GÓRZYŃSKI,74070951113
SYLWESTER,CICHOCKI,54121127434
SZYMON,TROJANOWSKA,72121046757
HANNA,SHEVCHUK,61112080861
ANGELIKA,KOLASIŃSKI,96082303140
STEFANIA,SŁOMKA,99120192548
MAŁGORZATA,MALICKA,86110409241
WŁADYSŁAWA,DZIKOWSKA,74031741180
SŁAWOMIR,BRODOWSKA,79062472933
MICHALINA,NIEDŹWIEDŹ,12261092485
KAROL,RACHWAŁ,16290707293
